object,id,invoice_number,client_id,client_name,client_gst_number,items,amount,gst_amount,cgst_amount,sgst_amount,igst_amount,intra_state,total_amount,paid_amount,status,balance_due,invoice_date,due_date,currency,created_at,business_unit_id,sales_rep_id,discount_amount
invoice,inv_388f31fa44e8,INV-30-0300,cli_610e871d6b85,Gomathi Chemicals Ltd,36BCDCG9251F1ZG,"[{'rate': 229, 'amount': 83356, 'item_id': 'itm_22a1051084c3', 'discount': 0, 'gst_rate': 18, 'hsn_code': '8482', 'quantity': 364, 'gst_amount': 15004.08, 'description': 'Ball Bearing 6205'}, {'rate': 296200, 'amount': 296200, 'item_id': None, 'discount': 0, 'gst_rate': 18, 'hsn_code': '9983', 'quantity': 1, 'gst_amount': 53316, 'description': 'Site survey and system design'}]",379556.0,68320.08,34160.04,34160.04,0.0,True,447876.08,0.0,pending,447876.08,2026-09-28,2026-11-12,INR,2026-09-28T05:30:00+00:00,bu_4527dc88,emp_d9139785,0.0
invoice,inv_4076fa03c9b1,INV-30-0299,cli_b260cfe71a21,Sambhav Pharma Distributors Ltd,08LNCCS5810A1ZS,"[{'rate': 1847, 'amount': 108973, 'item_id': 'itm_30b81ebe90bb', 'discount': 0, 'gst_rate': 18, 'hsn_code': '4407', 'quantity': 59, 'gst_amount': 19615.14, 'description': 'Teak Wood Plank'}, {'rate': 22439, 'amount': 22439, 'item_id': 'itm_5a10d4ba17d2', 'discount': 0, 'gst_rate': 5, 'hsn_code': '8541', 'quantity': 1, 'gst_amount': 1121.95, 'description': 'Solar Panel 540W'}, {'rate': 89.3, 'amount': 90550.2, 'item_id': 'itm_e1438ef8ef3a', 'discount': 0, 'gst_rate': 18, 'hsn_code': '7214', 'quantity': 1014, 'gst_amount': 16299.04, 'description': 'Mild Steel TMT Bar 12mm'}, {'rate': 1005300, 'amount': 1005300, 'item_id': None, 'discount': 0, 'gst_rate': 18, 'hsn_code': '9983', 'quantity': 1, 'gst_amount': 180954, 'description': 'Technical support services'}]",1227262.2,217990.13,0.0,0.0,217990.13,False,1445252.33,0.0,pending,1445252.33,2026-09-26,2026-11-10,INR,2026-09-26T05:30:00+00:00,bu_aec2e2f9,emp_fda25f21,0.0
invoice,inv_38299146edb1,INV-30-0298,cli_22e33b634a54,Maruthi Hospitals Pvt Ltd,32GECCM4463F1ZE,"[{'rate': 287, 'amount': 79341.15, 'item_id': 'itm_147fdb6362e6', 'discount': 2453.85, 'gst_rate': 5, 'hsn_code': '6109', 'quantity': 285, 'gst_amount': 3967.06, 'description': 'Cotton T-Shirt'}, {'rate': 206, 'amount': 35368.14, 'item_id': 'itm_c8a85059b0ed', 'discount': 1093.86, 'gst_rate': 5, 'hsn_code': '1512', 'quantity': 177, 'gst_amount': 1768.41, 'description': 'Refined Sunflower Oil'}]",114709.29,5735.47,0.0,0.0,5735.47,False,120444.76,0.0,pending,120444.76,2026-09-25,2026-11-24,INR,2026-09-25T05:30:00+00:00,bu_679432b0,emp_49cb1aa0,3547.71
invoice,inv_c2cc4853a21e,INV-30-0297,cli_2f3cf15b44d9,Dhanlaxmi Realty & Co,36KGFFD3331H1Z5,"[{'rate': 4623, 'amount': 4623, 'item_id': 'itm_76a0712f9662', 'discount': 0, 'gst_rate': 18, 'hsn_code': '8443', 'quantity': 1, 'gst_amount': 832.14, 'description': 'Printer Toner Cartridge'}, {'rate': 6346, 'amount': 12692, 'item_id': 'itm_b76a11de0764', 'discount': 0, 'gst_rate': 18, 'hsn_code': '3209', 'quantity': 2, 'gst_amount': 2284.56, 'description': 'Emulsion Paint 20L'}, {'rate': 113900, 'amount': 113900, 'item_id': None, 'discount': 0, 'gst_rate': 18, 'hsn_code': '9987', 'quantity': 1, 'gst_amount': 20502, 'description': 'Installation and commissioning'}]",131215.0,23618.7,11809.35,11809.35,0.0,True,154833.7,0.0,pending,154833.7,2026-09-24,2026-10-09,INR,2026-09-24T05:30:00+00:00,bu_96eb82ff,emp_fe83e970,0.0
invoice,inv_a913b681f3e1,INV-30-0296,cli_22e33b634a54,Maruthi Hospitals Pvt Ltd,32GECCM4463F1ZE,"[{'rate': 269, 'amount': 74876.15, 'item_id': 'itm_40102b7b2ad7', 'discount': 3940.85, 'gst_rate': 5, 'hsn_code': '0910', 'quantity': 293, 'gst_amount': 3743.81, 'description': 'Turmeric Powder'}, {'rate': 1483, 'amount': 59171.7, 'item_id': 'itm_e458ff1cfc20', 'discount': 3114.3, 'gst_rate': 18, 'hsn_code': '8471', 'quantity': 42, 'gst_amount': 10650.91, 'description': 'Wireless Keyboard and Mouse Combo'}, {'rate': 562, 'amount': 88093.5, 'item_id': 'itm_c764476f2be1', 'discount': 4636.5, 'gst_rate': 18, 'hsn_code': '2523', 'quantity': 165, 'gst_amount': 15856.83, 'description': 'Portland Cement 50kg Bag'}, {'rate': 143700, 'amount': 143700, 'item_id': None, 'discount': 0, 'gst_rate': 18, 'hsn_code': '9983', 'quantity': 1, 'gst_amount': 25866, 'description': 'Site survey and system design'}]",365841.35,56117.55,0.0,0.0,56117.55,False,421958.9,0.0,pending,421958.9,2026-09-23,2026-11-22,INR,2026-09-23T05:30:00+00:00,bu_679432b0,emp_49cb1aa0,11691.65
invoice,inv_dfc40924b5ad,INV-30-0295,cli_1bd9a5a8a774,Prabhat Poultry Feeds Pvt Ltd,06JCHCP1403D1ZO,"[{'rate': 19116, 'amount': 18542.52, 'item_id': 'itm_27b7335c5f54', 'discount': 573.48, 'gst_rate': 18, 'hsn_code': '8528', 'quantity': 1, 'gst_amount': 3337.65, 'description': '27 inch LED Monitor'}, {'rate': 101100, 'amount': 101100, 'item_id': None, 'discount': 0, 'gst_rate': 18, 'hsn_code': '9983', 'quantity': 1, 'gst_amount': 18198, 'description': 'Technical support services'}]",119642.52,21535.65,0.0,0.0,21535.65,False,141178.17,0.0,pending,141178.17,2026-09-22,2026-10-07,INR,2026-09-22T05:30:00+00:00,bu_679432b0,emp_1b4893ec,573.48
invoice,inv_3ecca411eede,INV-30-0294,cli_b260cfe71a21,Sambhav Pharma Distributors Ltd,08LNCCS5810A1ZS,"[{'rate': 22439, 'amount': 43531.66, 'item_id': 'itm_5a10d4ba17d2', 'discount': 1346.34, 'gst_rate': 5, 'hsn_code': '8541', 'quantity': 2, 'gst_amount': 2176.58, 'description': 'Solar Panel 540W'}, {'rate': 89.3, 'amount': 48334.52, 'item_id': 'itm_e1438ef8ef3a', 'discount': 1494.88, 'gst_rate': 18, 'hsn_code': '7214', 'quantity': 558, 'gst_amount': 8700.21, 'description': 'Mild Steel TMT Bar 12mm'}, {'rate': 469400, 'amount': 469400, 'item_id': None, 'discount': 0, 'gst_rate': 18, 'hsn_code': '9987', 'quantity': 1, 'gst_amount': 84492, 'description': 'Annual maintenance contract'}]",561266.18,95368.79,0.0,0.0,95368.79,False,656634.97,0.0,pending,656634.97,2026-09-21,2026-11-05,INR,2026-09-21T05:30:00+00:00,bu_aec2e2f9,emp_fda25f21,2841.22
invoice,inv_1e7e1b73e31e,INV-30-0293,cli_44ca162dbdad,Manjunath Chemicals Pvt Ltd,,"[{'rate': 1425, 'amount': 11400, 'item_id': 'itm_0cf3f40c0c30', 'discount': 0, 'gst_rate': 5, 'hsn_code': '6403', 'quantity': 8, 'gst_amount': 570, 'description': 'Safety Shoes (Pair)'}, {'rate': 146.2, 'amount': 13450.4, 'item_id': 'itm_54b7677d9eb3', 'discount': 0, 'gst_rate': 5, 'hsn_code': '1006', 'quantity': 92, 'gst_amount': 672.52, 'description': 'Basmati Rice (Branded, Packed)'}, {'rate': 101400, 'amount': 101400, 'item_id': None, 'discount': 0, 'gst_rate': 18, 'hsn_code': '9987', 'quantity': 1, 'gst_amount': 18252, 'description': 'Installation and commissioning'}]",126250.4,19494.52,9747.26,9747.26,0.0,True,145744.92,81433.49,partial,64311.43,2026-09-20,2026-10-05,INR,2026-09-20T05:30:00+00:00,bu_4527dc88,emp_fda25f21,0.0
invoice,inv_7a3ca3e6b932,INV-30-0292,cli_88e988f9c7af,Ganga Packaging Ltd,19BHJCG0275L1ZT,"[{'rate': 19116, 'amount': 18733.68, 'item_id': 'itm_27b7335c5f54', 'discount': 382.32, 'gst_rate': 18, 'hsn_code': '8528', 'quantity': 1, 'gst_amount': 3372.06, 'description': '27 inch LED Monitor'}, {'rate': 1221, 'amount': 14358.96, 'item_id': 'itm_7fd60d3f6a98', 'discount': 293.04, 'gst_rate': 18, 'hsn_code': '6907', 'quantity': 12, 'gst_amount': 2584.61, 'description': 'Vitrified Floor Tile 600x600'}, {'rate': 21800, 'amount': 21800, 'item_id': None, 'discount': 0, 'gst_rate': 18, 'hsn_code': '9983', 'quantity': 1, 'gst_amount': 3924, 'description': 'Site survey and system design'}]",54892.64,9880.67,0.0,0.0,9880.67,False,64773.31,33446.1,partial,31327.21,2026-09-18,2026-10-18,INR,2026-09-18T05:30:00+00:00,bu_679432b0,emp_fda25f21,675.36
invoice,inv_d0e7b7c401aa,INV-30-0291,cli_8315738bae6f,Annapurna Granite Exports Pvt Ltd,36QCRCA5397R1ZX,"[{'rate': 51.5, 'amount': 24287.4, 'item_id': 'itm_22e1b24ec5c5', 'discount': 2698.6, 'gst_rate': 18, 'hsn_code': '4819', 'quantity': 524, 'gst_amount': 4371.73, 'description': 'Corrugated Shipping Carton 18x12x12'}, {'rate': 961900, 'amount': 961900, 'item_id': None, 'discount': 0, 'gst_rate': 18, 'hsn_code': '9983', 'quantity': 1, 'gst_amount': 173142, 'description': 'Technical support services'}]",986187.4,177513.73,88756.87,88756.86,0.0,True,1163701.13,0.0,pending,1163701.13,2026-09-17,2026-11-16,INR,2026-09-17T05:30:00+00:00,bu_96eb82ff,emp_a247f565,2698.6
invoice,inv_ba0f62325c75,INV-30-0290,cli_8315738bae6f,Annapurna Granite Exports Pvt Ltd,36QCRCA5397R1ZX,"[{'rate': 1425, 'amount': 41325, 'item_id': 'itm_0cf3f40c0c30', 'discount': 0, 'gst_rate': 5, 'hsn_code': '6403', 'quantity': 29, 'gst_amount': 2066.25, 'description': 'Safety Shoes (Pair)'}, {'rate': 485200, 'amount': 485200, 'item_id': None, 'discount': 0, 'gst_rate': 18, 'hsn_code': '9987', 'quantity': 1, 'gst_amount': 87336, 'description': 'Annual maintenance contract'}]",526525.0,89402.25,44701.13,44701.12,0.0,True,615927.25,481509.47,partial,134417.78,2026-09-16,2026-11-15,INR,2026-09-16T05:30:00+00:00,bu_96eb82ff,emp_a247f565,0.0
invoice,inv_8ba7646583b0,INV-30-0289,cli_dfa2dffbe00f,Kohinoor Hotels,08RFKPK4219M1ZM,"[{'rate': 3655, 'amount': 6944.5, 'item_id': 'itm_a1ef309705f7', 'discount': 365.5, 'gst_rate': 18, 'hsn_code': '6802', 'quantity': 2, 'gst_amount': 1250.01, 'description': 'Polished Granite Slab'}, {'rate': 70700, 'amount': 70700, 'item_id': None, 'discount': 0, 'gst_rate': 18, 'hsn_code': '9987', 'quantity': 1, 'gst_amount': 12726, 'description': 'Installation and commissioning'}]",77644.5,13976.01,0.0,0.0,13976.01,False,91620.51,0.0,pending,91620.51,2026-09-14,2026-10-14,INR,2026-09-14T05:30:00+00:00,bu_4527dc88,emp_54b32704,365.5
invoice,inv_0b227eb3ce35,INV-30-0288,cli_8315738bae6f,Annapurna Granite Exports Pvt Ltd,36QCRCA5397R1ZX,"[{'rate': 1337, 'amount': 40644.8, 'item_id': 'itm_65368cd0fa76', 'discount': 2139.2, 'gst_rate': 18, 'hsn_code': '8311', 'quantity': 32, 'gst_amount': 7316.06, 'description': 'Welding Electrode 3.15mm (Box)'}, {'rate': 257, 'amount': 59816.75, 'item_id': 'itm_f319cb87961e', 'discount': 3148.25, 'gst_rate': 5, 'hsn_code': '5208', 'quantity': 245, 'gst_amount': 2990.84, 'description': 'Cotton Shirting Fabric'}, {'rate': 545, 'amount': 87499.75, 'item_id': 'itm_2c96f97e4068', 'discount': 4605.25, 'gst_rate': 18, 'hsn_code': '8536', 'quantity': 169, 'gst_amount': 15749.96, 'description': 'MCB 32A Double Pole'}, {'rate': 345100, 'amount': 345100, 'item_id': None, 'discount': 0, 'gst_rate': 18, 'hsn_code': '9983', 'quantity': 1, 'gst_amount': 62118, 'description': 'Site survey and system design'}]",533061.3,88174.86,44087.43,44087.43,0.0,True,621236.16,0.0,pending,621236.16,2026-09-13,2026-11-12,INR,2026-09-13T05:30:00+00:00,bu_96eb82ff,emp_a247f565,9892.7
invoice,inv_1d1b851fa010,INV-30-0287,cli_8315738bae6f,Annapurna Granite Exports Pvt Ltd,36QCRCA5397R1ZX,"[{'rate': 562, 'amount': 84356.2, 'item_id': 'itm_c764476f2be1', 'discount': 4439.8, 'gst_rate': 18, 'hsn_code': '2523', 'quantity': 158, 'gst_amount': 15184.12, 'description': 'Portland Cement 50kg Bag'}, {'rate': 1425, 'amount': 82578.75, 'item_id': 'itm_0cf3f40c0c30', 'discount': 4346.25, 'gst_rate': 5, 'hsn_code': '6403', 'quantity': 61, 'gst_amount': 4128.94, 'description': 'Safety Shoes (Pair)'}, {'rate': 132200, 'amount': 132200, 'item_id': None, 'discount': 0, 'gst_rate': 18, 'hsn_code': '9983', 'quantity': 1, 'gst_amount': 23796, 'description': 'Technical support services'}]",299134.95,43109.06,21554.53,21554.53,0.0,True,342244.01,0.0,pending,342244.01,2026-09-12,2026-11-11,INR,2026-09-12T05:30:00+00:00,bu_96eb82ff,emp_a247f565,8786.05
invoice,inv_37134578033c,INV-30-0286,cli_9503096a978f,Shiva Printers,36NCGPS9474F1ZP,"[{'rate': 206, 'amount': 29458, 'item_id': 'itm_c8a85059b0ed', 'discount': 0, 'gst_rate': 5, 'hsn_code': '1512', 'quantity': 143, 'gst_amount': 1472.9, 'description': 'Refined Sunflower Oil'}, {'rate': 57200, 'amount': 57200, 'item_id': None, 'discount': 0, 'gst_rate': 18, 'hsn_code': '9987', 'quantity': 1, 'gst_amount': 10296, 'description': 'Annual maintenance contract'}]",86658.0,11768.9,5884.45,5884.45,0.0,True,98426.9,46552.64,partial,51874.26,2026-09-11,2026-10-26,INR,2026-09-11T05:30:00+00:00,bu_aec2e2f9,emp_a247f565,0.0
invoice,inv_8bf440b03c6c,INV-30-0285,cli_8315738bae6f,Annapurna Granite Exports Pvt Ltd,36QCRCA5397R1ZX,"[{'rate': 3655, 'amount': 25585, 'item_id': 'itm_a1ef309705f7', 'discount': 0, 'gst_rate': 18, 'hsn_code': '6802', 'quantity': 7, 'gst_amount': 4605.3, 'description': 'Polished Granite Slab'}, {'rate': 186200, 'amount': 186200, 'item_id': None, 'discount': 0, 'gst_rate': 18, 'hsn_code': '9987', 'quantity': 1, 'gst_amount': 33516, 'description': 'Installation and commissioning'}]",211785.0,38121.3,19060.65,19060.65,0.0,True,249906.3,0.0,pending,249906.3,2026-09-10,2026-11-09,INR,2026-09-10T05:30:00+00:00,bu_96eb82ff,emp_a247f565,0.0
invoice,inv_b8f2e03e2d96,INV-30-0284,cli_8315738bae6f,Annapurna Granite Exports Pvt Ltd,36QCRCA5397R1ZX,"[{'rate': 2575, 'amount': 46350, 'item_id': 'itm_30b1c20ab680', 'discount': 0, 'gst_rate': 18, 'hsn_code': '8414', 'quantity': 18, 'gst_amount': 8343, 'description': 'Ceiling Fan 1200mm'}, {'rate': 147.1, 'amount': 48395.9, 'item_id': 'itm_ae58c717b5d1', 'discount': 0, 'gst_rate': 18, 'hsn_code': '3808', 'quantity': 329, 'gst_amount': 8711.26, 'description': 'Hand Sanitiser'}, {'rate': 229, 'amount': 79234, 'item_id': 'itm_22a1051084c3', 'discount': 0, 'gst_rate': 18, 'hsn_code': '8482', 'quantity': 346, 'gst_amount': 14262.12, 'description': 'Ball Bearing 6205'}, {'rate': 176700, 'amount': 176700, 'item_id': None, 'discount': 0, 'gst_rate': 18, 'hsn_code': '9983', 'quantity': 1, 'gst_amount': 31806, 'description': 'Site survey and system design'}]",350679.9,63122.38,31561.19,31561.19,0.0,True,413802.28,0.0,pending,413802.28,2026-09-08,2026-11-07,INR,2026-09-08T05:30:00+00:00,bu_96eb82ff,emp_a247f565,0.0
invoice,inv_b711e353d321,INV-30-0283,cli_259e815910c3,Banerjee Infosolutions Pvt Ltd,23QEHCB4180F1ZB,"[{'rate': 269, 'amount': 20982, 'item_id': 'itm_40102b7b2ad7', 'discount': 0, 'gst_rate': 5, 'hsn_code': '0910', 'quantity': 78, 'gst_amount': 1049.1, 'description': 'Turmeric Powder'}, {'rate': 1483, 'amount': 37075, 'item_id': 'itm_e458ff1cfc20', 'discount': 0, 'gst_rate': 18, 'hsn_code': '8471', 'quantity': 25, 'gst_amount': 6673.5, 'description': 'Wireless Keyboard and Mouse Combo'}, {'rate': 562, 'amount': 9554, 'item_id': 'itm_c764476f2be1', 'discount': 0, 'gst_rate': 18, 'hsn_code': '2523', 'quantity': 17, 'gst_amount': 1719.72, 'description': 'Portland Cement 50kg Bag'}, {'rate': 45600, 'amount': 45600, 'item_id': None, 'discount': 0, 'gst_rate': 18, 'hsn_code': '9983', 'quantity': 1, 'gst_amount': 8208, 'description': 'Technical support services'}]",113211.0,17650.32,0.0,0.0,17650.32,False,130861.32,53072.71,partial,77788.61,2026-09-07,2026-10-07,INR,2026-09-07T05:30:00+00:00,bu_aec2e2f9,emp_1b4893ec,0.0
invoice,inv_9814049598b6,INV-30-0282,cli_9560b405511e,Janata Educational Society LLP,29HGGFJ5164C1ZV,"[{'rate': 562, 'amount': 13218.24, 'item_id': 'itm_c764476f2be1', 'discount': 269.76, 'gst_rate': 18, 'hsn_code': '2523', 'quantity': 24, 'gst_amount': 2379.28, 'description': 'Portland Cement 50kg Bag'}, {'rate': 1425, 'amount': 20947.5, 'item_id': 'itm_0cf3f40c0c30', 'discount': 427.5, 'gst_rate': 5, 'hsn_code': '6403', 'quantity': 15, 'gst_amount': 1047.38, 'description': 'Safety Shoes (Pair)'}, {'rate': 76900, 'amount': 76900, 'item_id': None, 'discount': 0, 'gst_rate': 18, 'hsn_code': '9987', 'quantity': 1, 'gst_amount': 13842, 'description': 'Annual maintenance contract'}]",111065.74,17268.66,0.0,0.0,17268.66,False,128334.4,0.0,pending,128334.4,2026-09-06,2026-10-21,INR,2026-09-06T05:30:00+00:00,bu_4527dc88,emp_2b8f0f79,697.26
invoice,inv_cad5637edbdf,INV-30-0281,cli_8dbe5b435cf4,Garuda Granite Exports Pvt Ltd,27QGECG4196M1ZA,"[{'rate': 1483, 'amount': 5932, 'item_id': 'itm_e458ff1cfc20', 'discount': 0, 'gst_rate': 18, 'hsn_code': '8471', 'quantity': 4, 'gst_amount': 1067.76, 'description': 'Wireless Keyboard and Mouse Combo'}, {'rate': 562, 'amount': 5058, 'item_id': 'itm_c764476f2be1', 'discount': 0, 'gst_rate': 18, 'hsn_code': '2523', 'quantity': 9, 'gst_amount': 910.44, 'description': 'Portland Cement 50kg Bag'}, {'rate': 1425, 'amount': 4275, 'item_id': 'itm_0cf3f40c0c30', 'discount': 0, 'gst_rate': 5, 'hsn_code': '6403', 'quantity': 3, 'gst_amount': 213.75, 'description': 'Safety Shoes (Pair)'}, {'rate': 41100, 'amount': 41100, 'item_id': None, 'discount': 0, 'gst_rate': 18, 'hsn_code': '9987', 'quantity': 1, 'gst_amount': 7398, 'description': 'Installation and commissioning'}]",56365.0,9589.95,0.0,0.0,9589.95,False,65954.95,65954.95,paid,0.0,2026-09-05,2026-09-20,INR,2026-09-05T05:30:00+00:00,bu_96eb82ff,emp_49cb1aa0,0.0
invoice,inv_b69a355d90a6,INV-30-0280,cli_b260cfe71a21,Sambhav Pharma Distributors Ltd,08LNCCS5810A1ZS,"[{'rate': 147.1, 'amount': 86641.9, 'item_id': 'itm_ae58c717b5d1', 'discount': 0, 'gst_rate': 18, 'hsn_code': '3808', 'quantity': 589, 'gst_amount': 15595.54, 'description': 'Hand Sanitiser'}, {'rate': 229, 'amount': 38472, 'item_id': 'itm_22a1051084c3', 'discount': 0, 'gst_rate': 18, 'hsn_code': '8482', 'quantity': 168, 'gst_amount': 6924.96, 'description': 'Ball Bearing 6205'}, {'rate': 51.5, 'amount': 79001, 'item_id': 'itm_22e1b24ec5c5', 'discount': 0, 'gst_rate': 18, 'hsn_code': '4819', 'quantity': 1534, 'gst_amount': 14220.18, 'description': 'Corrugated Shipping Carton 18x12x12'}, {'rate': 686600, 'amount': 686600, 'item_id': None, 'discount': 0, 'gst_rate': 18, 'hsn_code': '9983', 'quantity': 1, 'gst_amount': 123588, 'description': 'Site survey and system design'}]",890714.9,160328.68,0.0,0.0,160328.68,False,1051043.58,0.0,pending,1051043.58,2026-09-04,2026-10-19,INR,2026-09-04T05:30:00+00:00,bu_aec2e2f9,emp_fda25f21,0.0
invoice,inv_2817e697622f,INV-30-0278,cli_22e33b634a54,Maruthi Hospitals Pvt Ltd,32GECCM4463F1ZE,"[{'rate': 4623, 'amount': 27738, 'item_id': 'itm_76a0712f9662', 'discount': 0, 'gst_rate': 18, 'hsn_code': '8443', 'quantity': 6, 'gst_amount': 4992.84, 'description': 'Printer Toner Cartridge'}, {'rate': 6346, 'amount': 38076, 'item_id': 'itm_b76a11de0764', 'discount': 0, 'gst_rate': 18, 'hsn_code': '3209', 'quantity': 6, 'gst_amount': 6853.68, 'description': 'Emulsion Paint 20L'}, {'rate': 168200, 'amount': 168200, 'item_id': None, 'discount': 0, 'gst_rate': 18, 'hsn_code': '9987', 'quantity': 1, 'gst_amount': 30276, 'description': 'Annual maintenance contract'}]",234014.0,42122.52,0.0,0.0,42122.52,False,276136.52,0.0,pending,276136.52,2026-09-02,2026-11-01,INR,2026-09-02T05:30:00+00:00,bu_679432b0,emp_49cb1aa0,0.0
invoice,inv_106e957ad3e5,INV-30-0279,cli_17beefa6b3c7,BANERJEE INFOSOLUTIONS PVT LTD,23QEHCB4180F1ZB,"[{'rate': 269, 'amount': 23403, 'item_id': 'itm_40102b7b2ad7', 'discount': 0, 'gst_rate': 5, 'hsn_code': '0910', 'quantity': 87, 'gst_amount': 1170.15, 'description': 'Turmeric Powder'}, {'rate': 1483, 'amount': 23728, 'item_id': 'itm_e458ff1cfc20', 'discount': 0, 'gst_rate': 18, 'hsn_code': '8471', 'quantity': 16, 'gst_amount': 4271.04, 'description': 'Wireless Keyboard and Mouse Combo'}, {'rate': 562, 'amount': 13488, 'item_id': 'itm_c764476f2be1', 'discount': 0, 'gst_rate': 18, 'hsn_code': '2523', 'quantity': 24, 'gst_amount': 2427.84, 'description': 'Portland Cement 50kg Bag'}, {'rate': 168100, 'amount': 168100, 'item_id': None, 'discount': 0, 'gst_rate': 18, 'hsn_code': '9983', 'quantity': 1, 'gst_amount': 30258, 'description': 'Technical support services'}]",228719.0,38127.03,0.0,0.0,38127.03,False,266846.03,266846.03,paid,0.0,2026-09-02,2026-10-02,INR,2026-09-02T05:30:00+00:00,bu_96eb82ff,emp_54b32704,0.0
invoice,inv_d9caff15bc6a,INV-30-0277,cli_610e871d6b85,Gomathi Chemicals Ltd,36BCDCG9251F1ZG,"[{'rate': 562, 'amount': 72700.32, 'item_id': 'itm_c764476f2be1', 'discount': 1483.68, 'gst_rate': 18, 'hsn_code': '2523', 'quantity': 132, 'gst_amount': 13086.06, 'description': 'Portland Cement 50kg Bag'}, {'rate': 1425, 'amount': 69825, 'item_id': 'itm_0cf3f40c0c30', 'discount': 1425, 'gst_rate': 5, 'hsn_code': '6403', 'quantity': 50, 'gst_amount': 3491.25, 'description': 'Safety Shoes (Pair)'}, {'rate': 194700, 'amount': 194700, 'item_id': None, 'discount': 0, 'gst_rate': 18, 'hsn_code': '9987', 'quantity': 1, 'gst_amount': 35046, 'description': 'Installation and commissioning'}]",337225.32,51623.31,25811.66,25811.65,0.0,True,388848.63,0.0,pending,388848.63,2026-08-30,2026-10-14,INR,2026-08-30T05:30:00+00:00,bu_4527dc88,emp_d9139785,2908.68
invoice,inv_487f879339d6,INV-30-0276,cli_b260cfe71a21,Sambhav Pharma Distributors Ltd,08LNCCS5810A1ZS,"[{'rate': 1910, 'amount': 64940, 'item_id': 'itm_651095a5ff54', 'discount': 0, 'gst_rate': 18, 'hsn_code': '4802', 'quantity': 34, 'gst_amount': 11689.2, 'description': 'A4 Copier Paper 75 GSM (5 reams)'}, {'rate': 186600, 'amount': 186600, 'item_id': None, 'discount': 0, 'gst_rate': 18, 'hsn_code': '9983', 'quantity': 1, 'gst_amount': 33588, 'description': 'Site survey and system design'}]",251540.0,45277.2,0.0,0.0,45277.2,False,296817.2,0.0,pending,296817.2,2026-08-29,2026-10-13,INR,2026-08-29T05:30:00+00:00,bu_aec2e2f9,emp_fda25f21,0.0
invoice,inv_f91eef36c847,INV-30-0274,cli_dfa2dffbe00f,Kohinoor Hotels,08RFKPK4219M1ZM,"[{'rate': 1425, 'amount': 7125, 'item_id': 'itm_0cf3f40c0c30', 'discount': 0, 'gst_rate': 5, 'hsn_code': '6403', 'quantity': 5, 'gst_amount': 356.25, 'description': 'Safety Shoes (Pair)'}, {'rate': 86100, 'amount': 86100, 'item_id': None, 'discount': 0, 'gst_rate': 18, 'hsn_code': '9987', 'quantity': 1, 'gst_amount': 15498, 'description': 'Annual maintenance contract'}]",93225.0,15854.25,0.0,0.0,15854.25,False,109079.25,0.0,overdue,109079.25,2026-08-28,2026-09-27,INR,2026-08-28T05:30:00+00:00,bu_4527dc88,emp_54b32704,0.0
invoice,inv_8d34487d057d,INV-30-0275,cli_b260cfe71a21,Sambhav Pharma Distributors Ltd,08LNCCS5810A1ZS,"[{'rate': 303, 'amount': 58016.92, 'item_id': 'itm_a18dc2e2495a', 'discount': 4704.08, 'gst_rate': 18, 'hsn_code': '9608', 'quantity': 207, 'gst_amount': 10443.05, 'description': 'Ballpoint Pens (Box of 50)'}, {'rate': 338300, 'amount': 338300, 'item_id': None, 'discount': 0, 'gst_rate': 18, 'hsn_code': '9983', 'quantity': 1, 'gst_amount': 60894, 'description': 'Technical support services'}]",396316.92,71337.05,0.0,0.0,71337.05,False,467653.97,0.0,pending,467653.97,2026-08-28,2026-10-12,INR,2026-08-28T05:30:00+00:00,bu_aec2e2f9,emp_fda25f21,4704.08
invoice,inv_036c105c3505,INV-30-0273,cli_eed20611fa50,Mehta Spice Traders,36ECCPM1752Q1Z4,"[{'rate': 147.1, 'amount': 18931.77, 'item_id': 'itm_ae58c717b5d1', 'discount': 2103.53, 'gst_rate': 18, 'hsn_code': '3808', 'quantity': 143, 'gst_amount': 3407.72, 'description': 'Hand Sanitiser'}, {'rate': 408800, 'amount': 408800, 'item_id': None, 'discount': 0, 'gst_rate': 18, 'hsn_code': '9987', 'quantity': 1, 'gst_amount': 73584, 'description': 'Installation and commissioning'}]",427731.77,76991.72,38495.86,38495.86,0.0,True,504723.49,504723.49,paid,0.0,2026-08-26,2026-09-25,INR,2026-08-26T05:30:00+00:00,bu_4527dc88,emp_fe83e970,2103.53
invoice,inv_d06178b8c507,INV-30-0272,cli_eed20611fa50,Mehta Spice Traders,36ECCPM1752Q1Z4,"[{'rate': 545, 'amount': 34880, 'item_id': 'itm_b77647bb32db', 'discount': 0, 'gst_rate': 5, 'hsn_code': '4015', 'quantity': 64, 'gst_amount': 1744, 'description': 'Nitrile Gloves (Box of 100)'}, {'rate': 78600, 'amount': 78600, 'item_id': None, 'discount': 0, 'gst_rate': 18, 'hsn_code': '9983', 'quantity': 1, 'gst_amount': 14148, 'description': 'Site survey and system design'}]",113480.0,15892.0,7946.0,7946.0,0.0,True,129372.0,129372.0,paid,0.0,2026-08-25,2026-09-24,INR,2026-08-25T05:30:00+00:00,bu_4527dc88,emp_fe83e970,0.0
invoice,inv_ff49ab94b8c9,INV-30-0271,cli_56323ed8ae0d,Gomathi Chemicals Ltd (West Bengal),19BCDCG9251F1ZC,"[{'rate': 206, 'amount': 10712, 'item_id': 'itm_c8a85059b0ed', 'discount': 0, 'gst_rate': 5, 'hsn_code': '1512', 'quantity': 52, 'gst_amount': 535.6, 'description': 'Refined Sunflower Oil'}, {'rate': 73542, 'amount': 73542, 'item_id': 'itm_2d6c1c069a2b', 'discount': 0, 'gst_rate': 18, 'hsn_code': '8471', 'quantity': 1, 'gst_amount': 13237.56, 'description': 'Laptop 14 inch Core i5'}]",84254.0,13773.16,0.0,0.0,13773.16,False,98027.16,98027.16,paid,0.0,2026-08-24,2026-09-23,INR,2026-08-24T05:30:00+00:00,bu_679432b0,emp_3068e794,0.0
invoice,inv_af7283ce039b,INV-30-0270,cli_918a7179c0e2,Bharat Textiles Pvt Ltd,36EQPCB6750Q1ZS,"[{'rate': 51.5, 'amount': 34917, 'item_id': 'itm_22e1b24ec5c5', 'discount': 0, 'gst_rate': 18, 'hsn_code': '4819', 'quantity': 678, 'gst_amount': 6285.06, 'description': 'Corrugated Shipping Carton 18x12x12'}, {'rate': 735, 'amount': 19845, 'item_id': 'itm_6c1940fd1ee9', 'discount': 0, 'gst_rate': 18, 'hsn_code': '9405', 'quantity': 27, 'gst_amount': 3572.1, 'description': 'LED Panel Light 18W'}, {'rate': 55500, 'amount': 55500, 'item_id': None, 'discount': 0, 'gst_rate': 18, 'hsn_code': '9987', 'quantity': 1, 'gst_amount': 9990, 'description': 'Annual maintenance contract'}]",110262.0,19847.16,9923.58,9923.58,0.0,True,130109.16,97036.0,partial,33073.16,2026-08-22,2026-10-06,INR,2026-08-22T05:30:00+00:00,bu_679432b0,emp_54b32704,0.0
invoice,inv_865f7de1b715,INV-30-0269,cli_9560b405511e,Janata Educational Society LLP,29HGGFJ5164C1ZV,"[{'rate': 1337, 'amount': 25269.3, 'item_id': 'itm_65368cd0fa76', 'discount': 2807.7, 'gst_rate': 18, 'hsn_code': '8311', 'quantity': 21, 'gst_amount': 4548.47, 'description': 'Welding Electrode 3.15mm (Box)'}, {'rate': 53400, 'amount': 53400, 'item_id': None, 'discount': 0, 'gst_rate': 18, 'hsn_code': '9987', 'quantity': 1, 'gst_amount': 9612, 'description': 'Installation and commissioning'}]",78669.3,14160.47,0.0,0.0,14160.47,False,92829.77,0.0,pending,92829.77,2026-08-22,2026-10-06,INR,2026-08-22T05:30:00+00:00,bu_4527dc88,emp_2b8f0f79,2807.7
invoice,inv_f70aa2079df8,INV-30-0268,cli_44ca162dbdad,Manjunath Chemicals Pvt Ltd,,"[{'rate': 3877, 'amount': 11631, 'item_id': 'itm_0504d82b8f09', 'discount': 0, 'gst_rate': 18, 'hsn_code': '8544', 'quantity': 3, 'gst_amount': 2093.58, 'description': 'Copper Wire 2.5 sq mm (90 m coil)'}, {'rate': 9376, 'amount': 9376, 'item_id': 'itm_64aca0f0e78b', 'discount': 0, 'gst_rate': 18, 'hsn_code': '9401', 'quantity': 1, 'gst_amount': 1687.68, 'description': 'Ergonomic Office Chair'}, {'rate': 47800, 'amount': 47800, 'item_id': None, 'discount': 0, 'gst_rate': 18, 'hsn_code': '9983', 'quantity': 1, 'gst_amount': 8604, 'description': 'Site survey and system design'}]",68807.0,12385.26,6192.63,6192.63,0.0,True,81192.26,81192.26,paid,0.0,2026-08-21,2026-09-05,INR,2026-08-21T05:30:00+00:00,bu_4527dc88,emp_fda25f21,0.0
invoice,inv_9fc1febcb6b6,INV-30-0267,cli_918a7179c0e2,Bharat Textiles Pvt Ltd,36EQPCB6750Q1ZS,"[{'rate': 1425, 'amount': 27645, 'item_id': 'itm_0cf3f40c0c30', 'discount': 855, 'gst_rate': 5, 'hsn_code': '6403', 'quantity': 20, 'gst_amount': 1382.25, 'description': 'Safety Shoes (Pair)'}, {'rate': 115000, 'amount': 115000, 'item_id': None, 'discount': 0, 'gst_rate': 18, 'hsn_code': '9983', 'quantity': 1, 'gst_amount': 20700, 'description': 'Technical support services'}]",142645.0,22082.25,11041.13,11041.12,0.0,True,164727.25,128999.87,partial,35727.38,2026-08-19,2026-10-03,INR,2026-08-19T05:30:00+00:00,bu_679432b0,emp_54b32704,855.0
invoice,inv_0d039d1de1e2,INV-30-0266,cli_21c6d08f264f,Apex Auto Parts LLP,36GELFA3104A1ZT,"[{'rate': 1910, 'amount': 9550, 'item_id': 'itm_651095a5ff54', 'discount': 0, 'gst_rate': 18, 'hsn_code': '4802', 'quantity': 5, 'gst_amount': 1719, 'description': 'A4 Copier Paper 75 GSM (5 reams)'}, {'rate': 15100, 'amount': 15100, 'item_id': None, 'discount': 0, 'gst_rate': 18, 'hsn_code': '9987', 'quantity': 1, 'gst_amount': 2718, 'description': 'Annual maintenance contract'}]",24650.0,4437.0,2218.5,2218.5,0.0,True,29087.0,29087.0,paid,0.0,2026-08-17,2026-09-01,INR,2026-08-17T05:30:00+00:00,bu_4527dc88,emp_971816de,0.0
invoice,inv_b4f732ace085,INV-30-0265,cli_259e815910c3,Banerjee Infosolutions Pvt Ltd,23QEHCB4180F1ZB,"[{'rate': 51.5, 'amount': 26883, 'item_id': 'itm_22e1b24ec5c5', 'discount': 0, 'gst_rate': 18, 'hsn_code': '4819', 'quantity': 522, 'gst_amount': 4838.94, 'description': 'Corrugated Shipping Carton 18x12x12'}, {'rate': 735, 'amount': 37485, 'item_id': 'itm_6c1940fd1ee9', 'discount': 0, 'gst_rate': 18, 'hsn_code': '9405', 'quantity': 51, 'gst_amount': 6747.3, 'description': 'LED Panel Light 18W'}, {'rate': 303, 'amount': 21816, 'item_id': 'itm_a18dc2e2495a', 'discount': 0, 'gst_rate': 18, 'hsn_code': '9608', 'quantity': 72, 'gst_amount': 3926.88, 'description': 'Ballpoint Pens (Box of 50)'}, {'rate': 75800, 'amount': 75800, 'item_id': None, 'discount': 0, 'gst_rate': 18, 'hsn_code': '9987', 'quantity': 1, 'gst_amount': 13644, 'description': 'Installation and commissioning'}]",161984.0,29157.12,0.0,0.0,29157.12,False,191141.12,191141.12,paid,0.0,2026-08-16,2026-09-15,INR,2026-08-16T05:30:00+00:00,bu_aec2e2f9,emp_1b4893ec,0.0
invoice,inv_f0bf091789d8,INV-30-0264,cli_55e95e69d592,Bhagya Logistics Ltd,37HFBCB0018N1ZD,"[{'rate': 1221, 'amount': 30769.2, 'item_id': 'itm_7fd60d3f6a98', 'discount': 3418.8, 'gst_rate': 18, 'hsn_code': '6907', 'quantity': 28, 'gst_amount': 5538.46, 'description': 'Vitrified Floor Tile 600x600'}, {'rate': 60400, 'amount': 60400, 'item_id': None, 'discount': 0, 'gst_rate': 18, 'hsn_code': '9983', 'quantity': 1, 'gst_amount': 10872, 'description': 'Site survey and system design'}]",91169.2,16410.46,0.0,0.0,16410.46,False,107579.66,0.0,pending,107579.66,2026-08-15,2026-09-29,INR,2026-08-15T05:30:00+00:00,bu_96eb82ff,emp_9a7f9946,3418.8
invoice,inv_b2ece17caa55,INV-30-0263,cli_8dbe5b435cf4,Garuda Granite Exports Pvt Ltd,27QGECG4196M1ZA,"[{'rate': 1425, 'amount': 10830, 'item_id': 'itm_0cf3f40c0c30', 'discount': 570, 'gst_rate': 5, 'hsn_code': '6403', 'quantity': 8, 'gst_amount': 541.5, 'description': 'Safety Shoes (Pair)'}, {'rate': 146.2, 'amount': 10972.31, 'item_id': 'itm_54b7677d9eb3', 'discount': 577.49, 'gst_rate': 5, 'hsn_code': '1006', 'quantity': 79, 'gst_amount': 548.62, 'description': 'Basmati Rice (Branded, Packed)'}, {'rate': 27800, 'amount': 27800, 'item_id': None, 'discount': 0, 'gst_rate': 18, 'hsn_code': '9983', 'quantity': 1, 'gst_amount': 5004, 'description': 'Technical support services'}]",49602.31,6094.12,0.0,0.0,6094.12,False,55696.43,55696.43,paid,0.0,2026-08-14,2026-08-29,INR,2026-08-14T05:30:00+00:00,bu_96eb82ff,emp_49cb1aa0,1147.49
invoice,inv_4c1814643c16,INV-30-0262,cli_cf34dbd6625e,Malhotra Constructions LLP,36CDHFM6917C1Z4,"[{'rate': 1337, 'amount': 9359, 'item_id': 'itm_65368cd0fa76', 'discount': 0, 'gst_rate': 18, 'hsn_code': '8311', 'quantity': 7, 'gst_amount': 1684.62, 'description': 'Welding Electrode 3.15mm (Box)'}, {'rate': 257, 'amount': 5654, 'item_id': 'itm_f319cb87961e', 'discount': 0, 'gst_rate': 5, 'hsn_code': '5208', 'quantity': 22, 'gst_amount': 282.7, 'description': 'Cotton Shirting Fabric'}, {'rate': 16100, 'amount': 16100, 'item_id': None, 'discount': 0, 'gst_rate': 18, 'hsn_code': '9987', 'quantity': 1, 'gst_amount': 2898, 'description': 'Annual maintenance contract'}]",31113.0,4865.32,2432.66,2432.66,0.0,True,35978.32,35978.32,paid,0.0,2026-08-13,2026-08-28,INR,2026-08-13T05:30:00+00:00,bu_aec2e2f9,emp_3068e794,0.0
invoice,inv_aaac1586aef0,INV-30-0261,cli_d40e9f0634bb,Everest Plastics & Co,37PDBFE2118A1ZN,"[{'rate': 101.1, 'amount': 10286.92, 'item_id': 'itm_a9b9ad5348a6', 'discount': 834.08, 'gst_rate': 5, 'hsn_code': '6305', 'quantity': 110, 'gst_amount': 514.35, 'description': 'Jute Shopping Bag'}, {'rate': 15400, 'amount': 15400, 'item_id': None, 'discount': 0, 'gst_rate': 18, 'hsn_code': '9987', 'quantity': 1, 'gst_amount': 2772, 'description': 'Installation and commissioning'}]",25686.92,3286.35,0.0,0.0,3286.35,False,28973.27,28973.27,paid,0.0,2026-08-11,2026-09-10,INR,2026-08-11T05:30:00+00:00,bu_679432b0,emp_a247f565,834.08
invoice,inv_7b924a1272c7,INV-30-0260,cli_610e871d6b85,Gomathi Chemicals Ltd,36BCDCG9251F1ZG,"[{'rate': 4623, 'amount': 73968, 'item_id': 'itm_76a0712f9662', 'discount': 0, 'gst_rate': 18, 'hsn_code': '8443', 'quantity': 16, 'gst_amount': 13314.24, 'description': 'Printer Toner Cartridge'}, {'rate': 163800, 'amount': 163800, 'item_id': None, 'discount': 0, 'gst_rate': 18, 'hsn_code': '9983', 'quantity': 1, 'gst_amount': 29484, 'description': 'Site survey and system design'}]",237768.0,42798.24,21399.12,21399.12,0.0,True,280566.24,280566.24,paid,0.0,2026-08-10,2026-09-24,INR,2026-08-10T05:30:00+00:00,bu_4527dc88,emp_d9139785,0.0
invoice,inv_19bb658dea98,INV-30-0259,cli_8315738bae6f,Annapurna Granite Exports Pvt Ltd,36QCRCA5397R1ZX,"[{'rate': 545, 'amount': 76300, 'item_id': 'itm_2c96f97e4068', 'discount': 0, 'gst_rate': 18, 'hsn_code': '8536', 'quantity': 140, 'gst_amount': 13734, 'description': 'MCB 32A Double Pole'}, {'rate': 4623, 'amount': 32361, 'item_id': 'itm_76a0712f9662', 'discount': 0, 'gst_rate': 18, 'hsn_code': '8443', 'quantity': 7, 'gst_amount': 5824.98, 'description': 'Printer Toner Cartridge'}]",108661.0,19558.98,9779.49,9779.49,0.0,True,128219.98,0.0,pending,128219.98,2026-08-10,2026-10-09,INR,2026-08-10T05:30:00+00:00,bu_96eb82ff,emp_a247f565,0.0
invoice,inv_45c3930cbc61,INV-30-0258,cli_17beefa6b3c7,BANERJEE INFOSOLUTIONS PVT LTD,23QEHCB4180F1ZB,"[{'rate': 562, 'amount': 34844, 'item_id': 'itm_c764476f2be1', 'discount': 0, 'gst_rate': 18, 'hsn_code': '2523', 'quantity': 62, 'gst_amount': 6271.92, 'description': 'Portland Cement 50kg Bag'}, {'rate': 107700, 'amount': 107700, 'item_id': None, 'discount': 0, 'gst_rate': 18, 'hsn_code': '9987', 'quantity': 1, 'gst_amount': 19386, 'description': 'Annual maintenance contract'}]",142544.0,25657.92,0.0,0.0,25657.92,False,168201.92,168201.92,paid,0.0,2026-08-09,2026-09-08,INR,2026-08-09T05:30:00+00:00,bu_96eb82ff,emp_54b32704,0.0
invoice,inv_04ebdb6fec21,INV-30-0257,cli_55e95e69d592,Bhagya Logistics Ltd,37HFBCB0018N1ZD,"[{'rate': 73542, 'amount': 73542, 'item_id': 'itm_2d6c1c069a2b', 'discount': 0, 'gst_rate': 18, 'hsn_code': '8471', 'quantity': 1, 'gst_amount': 13237.56, 'description': 'Laptop 14 inch Core i5'}, {'rate': 68200, 'amount': 68200, 'item_id': None, 'discount': 0, 'gst_rate': 18, 'hsn_code': '9987', 'quantity': 1, 'gst_amount': 12276, 'description': 'Installation and commissioning'}]",141742.0,25513.56,0.0,0.0,25513.56,False,167255.56,167255.56,paid,0.0,2026-08-07,2026-09-21,INR,2026-08-07T05:30:00+00:00,bu_96eb82ff,emp_9a7f9946,0.0
invoice,inv_a300521a26d7,INV-30-0256,cli_b260cfe71a21,Sambhav Pharma Distributors Ltd,08LNCCS5810A1ZS,"[{'rate': 562, 'amount': 60696, 'item_id': 'itm_c764476f2be1', 'discount': 6744, 'gst_rate': 18, 'hsn_code': '2523', 'quantity': 120, 'gst_amount': 10925.28, 'description': 'Portland Cement 50kg Bag'}, {'rate': 1425, 'amount': 42322.5, 'item_id': 'itm_0cf3f40c0c30', 'discount': 4702.5, 'gst_rate': 5, 'hsn_code': '6403', 'quantity': 33, 'gst_amount': 2116.13, 'description': 'Safety Shoes (Pair)'}, {'rate': 146.2, 'amount': 81579.6, 'item_id': 'itm_54b7677d9eb3', 'discount': 9064.4, 'gst_rate': 5, 'hsn_code': '1006', 'quantity': 620, 'gst_amount': 4078.98, 'description': 'Basmati Rice (Branded, Packed)'}, {'rate': 803300, 'amount': 803300, 'item_id': None, 'discount': 0, 'gst_rate': 18, 'hsn_code': '9983', 'quantity': 1, 'gst_amount': 144594, 'description': 'Site survey and system design'}]",987898.1,161714.39,0.0,0.0,161714.39,False,1149612.49,0.0,overdue,1149612.49,2026-08-05,2026-09-19,INR,2026-08-05T05:30:00+00:00,bu_aec2e2f9,emp_fda25f21,20510.9
invoice,inv_0dd028c4378f,INV-30-0255,cli_d40e9f0634bb,Everest Plastics & Co,37PDBFE2118A1ZN,"[{'rate': 545, 'amount': 7357.5, 'item_id': 'itm_2c96f97e4068', 'discount': 817.5, 'gst_rate': 18, 'hsn_code': '8536', 'quantity': 15, 'gst_amount': 1324.35, 'description': 'MCB 32A Double Pole'}, {'rate': 4623, 'amount': 8321.4, 'item_id': 'itm_76a0712f9662', 'discount': 924.6, 'gst_rate': 18, 'hsn_code': '8443', 'quantity': 2, 'gst_amount': 1497.85, 'description': 'Printer Toner Cartridge'}, {'rate': 144800, 'amount': 144800, 'item_id': None, 'discount': 0, 'gst_rate': 18, 'hsn_code': '9983', 'quantity': 1, 'gst_amount': 26064, 'description': 'Technical support services'}]",160478.9,28886.2,0.0,0.0,28886.2,False,189365.1,189365.1,paid,0.0,2026-08-04,2026-09-03,INR,2026-08-04T05:30:00+00:00,bu_679432b0,emp_a247f565,1742.1
invoice,inv_931965187dfa,INV-30-0254,cli_cf34dbd6625e,Malhotra Constructions LLP,36CDHFM6917C1Z4,"[{'rate': 257, 'amount': 12837.15, 'item_id': 'itm_f319cb87961e', 'discount': 1040.85, 'gst_rate': 5, 'hsn_code': '5208', 'quantity': 54, 'gst_amount': 641.86, 'description': 'Cotton Shirting Fabric'}, {'rate': 545, 'amount': 11090.75, 'item_id': 'itm_2c96f97e4068', 'discount': 899.25, 'gst_rate': 18, 'hsn_code': '8536', 'quantity': 22, 'gst_amount': 1996.34, 'description': 'MCB 32A Double Pole'}, {'rate': 4623, 'amount': 8552.55, 'item_id': 'itm_76a0712f9662', 'discount': 693.45, 'gst_rate': 18, 'hsn_code': '8443', 'quantity': 2, 'gst_amount': 1539.46, 'description': 'Printer Toner Cartridge'}, {'rate': 24800, 'amount': 24800, 'item_id': None, 'discount': 0, 'gst_rate': 18, 'hsn_code': '9987', 'quantity': 1, 'gst_amount': 4464, 'description': 'Annual maintenance contract'}]",57280.45,8641.66,4320.83,4320.83,0.0,True,65922.11,65922.11,paid,0.0,2026-08-03,2026-08-18,INR,2026-08-03T05:30:00+00:00,bu_aec2e2f9,emp_3068e794,2633.55
invoice,inv_d1efe6970ef5,INV-30-0252,cli_b13f0057873b,Vaibhav Pharma Distributors LLP,,"[{'rate': 287, 'amount': 4907.7, 'item_id': 'itm_147fdb6362e6', 'discount': 258.3, 'gst_rate': 5, 'hsn_code': '6109', 'quantity': 18, 'gst_amount': 245.39, 'description': 'Cotton T-Shirt'}, {'rate': 206, 'amount': 11154.9, 'item_id': 'itm_c8a85059b0ed', 'discount': 587.1, 'gst_rate': 5, 'hsn_code': '1512', 'quantity': 57, 'gst_amount': 557.75, 'description': 'Refined Sunflower Oil'}, {'rate': 73542, 'amount': 69864.9, 'item_id': 'itm_2d6c1c069a2b', 'discount': 3677.1, 'gst_rate': 18, 'hsn_code': '8471', 'quantity': 1, 'gst_amount': 12575.68, 'description': 'Laptop 14 inch Core i5'}, {'rate': 71000, 'amount': 71000, 'item_id': None, 'discount': 0, 'gst_rate': 18, 'hsn_code': '9983', 'quantity': 1, 'gst_amount': 12780, 'description': 'Site survey and system design'}]",156927.5,26158.82,0.0,0.0,26158.82,False,183086.32,0.0,overdue,183086.32,2026-08-01,2026-08-31,INR,2026-08-01T05:30:00+00:00,bu_aec2e2f9,emp_fe83e970,4522.5
invoice,inv_caaa7d1d670e,INV-30-0253,cli_eed20611fa50,Mehta Spice Traders,36ECCPM1752Q1Z4,"[{'rate': 1337, 'amount': 17381, 'item_id': 'itm_65368cd0fa76', 'discount': 0, 'gst_rate': 18, 'hsn_code': '8311', 'quantity': 13, 'gst_amount': 3128.58, 'description': 'Welding Electrode 3.15mm (Box)'}, {'rate': 257, 'amount': 25186, 'item_id': 'itm_f319cb87961e', 'discount': 0, 'gst_rate': 5, 'hsn_code': '5208', 'quantity': 98, 'gst_amount': 1259.3, 'description': 'Cotton Shirting Fabric'}, {'rate': 545, 'amount': 34880, 'item_id': 'itm_2c96f97e4068', 'discount': 0, 'gst_rate': 18, 'hsn_code': '8536', 'quantity': 64, 'gst_amount': 6278.4, 'description': 'MCB 32A Double Pole'}, {'rate': 337900, 'amount': 337900, 'item_id': None, 'discount': 0, 'gst_rate': 18, 'hsn_code': '9987', 'quantity': 1, 'gst_amount': 60822, 'description': 'Installation and commissioning'}]",415347.0,71488.28,35744.14,35744.14,0.0,True,486835.28,486835.28,paid,0.0,2026-08-01,2026-08-31,INR,2026-08-01T05:30:00+00:00,bu_4527dc88,emp_fe83e970,0.0
invoice,inv_16246a200e33,INV-30-0251,cli_22e33b634a54,Maruthi Hospitals Pvt Ltd,32GECCM4463F1ZE,"[{'rate': 4623, 'amount': 73968, 'item_id': 'itm_76a0712f9662', 'discount': 0, 'gst_rate': 18, 'hsn_code': '8443', 'quantity': 16, 'gst_amount': 13314.24, 'description': 'Printer Toner Cartridge'}, {'rate': 6346, 'amount': 57114, 'item_id': 'itm_b76a11de0764', 'discount': 0, 'gst_rate': 18, 'hsn_code': '3209', 'quantity': 9, 'gst_amount': 10280.52, 'description': 'Emulsion Paint 20L'}]",131082.0,23594.76,0.0,0.0,23594.76,False,154676.76,0.0,pending,154676.76,2026-07-31,2026-09-29,INR,2026-07-31T05:30:00+00:00,bu_679432b0,emp_49cb1aa0,0.0
invoice,inv_a1f008b1af87,INV-30-0250,cli_dfa2dffbe00f,Kohinoor Hotels,08RFKPK4219M1ZM,"[{'rate': 257, 'amount': 8311.38, 'item_id': 'itm_f319cb87961e', 'discount': 169.62, 'gst_rate': 5, 'hsn_code': '5208', 'quantity': 33, 'gst_amount': 415.57, 'description': 'Cotton Shirting Fabric'}, {'rate': 65600, 'amount': 65600, 'item_id': None, 'discount': 0, 'gst_rate': 18, 'hsn_code': '9987', 'quantity': 1, 'gst_amount': 11808, 'description': 'Annual maintenance contract'}]",73911.38,12223.57,0.0,0.0,12223.57,False,86134.95,86134.95,paid,0.0,2026-07-29,2026-08-28,INR,2026-07-29T05:30:00+00:00,bu_4527dc88,emp_54b32704,169.62
invoice,inv_48ff4fcf7eae,INV-30-0249,cli_b260cfe71a21,Sambhav Pharma Distributors Ltd,08LNCCS5810A1ZS,"[{'rate': 2575, 'amount': 44032.5, 'item_id': 'itm_30b1c20ab680', 'discount': 2317.5, 'gst_rate': 18, 'hsn_code': '8414', 'quantity': 18, 'gst_amount': 7925.85, 'description': 'Ceiling Fan 1200mm'}]",44032.5,7925.85,0.0,0.0,7925.85,False,51958.35,0.0,overdue,51958.35,2026-07-28,2026-09-11,INR,2026-07-28T05:30:00+00:00,bu_aec2e2f9,emp_fda25f21,2317.5
invoice,inv_b401ddde76e5,INV-30-0248,cli_88e988f9c7af,Ganga Packaging Ltd,19BHJCG0275L1ZT,"[{'rate': 1337, 'amount': 12367.25, 'item_id': 'itm_65368cd0fa76', 'discount': 1002.75, 'gst_rate': 18, 'hsn_code': '8311', 'quantity': 10, 'gst_amount': 2226.11, 'description': 'Welding Electrode 3.15mm (Box)'}]",12367.25,2226.11,0.0,0.0,2226.11,False,14593.36,14593.36,paid,0.0,2026-07-27,2026-08-26,INR,2026-07-27T05:30:00+00:00,bu_679432b0,emp_fda25f21,1002.75
invoice,inv_e745ba5742fe,INV-30-0247,cli_eee2cf7d7133,Navaratna Electricals & Co,36JEAFN0901L1Z2,"[{'rate': 257, 'amount': 20817, 'item_id': 'itm_f319cb87961e', 'discount': 0, 'gst_rate': 5, 'hsn_code': '5208', 'quantity': 81, 'gst_amount': 1040.85, 'description': 'Cotton Shirting Fabric'}, {'rate': 545, 'amount': 33790, 'item_id': 'itm_2c96f97e4068', 'discount': 0, 'gst_rate': 18, 'hsn_code': '8536', 'quantity': 62, 'gst_amount': 6082.2, 'description': 'MCB 32A Double Pole'}, {'rate': 72000, 'amount': 72000, 'item_id': None, 'discount': 0, 'gst_rate': 18, 'hsn_code': '9983', 'quantity': 1, 'gst_amount': 12960, 'description': 'Technical support services'}]",126607.0,20083.05,10041.53,10041.52,0.0,True,146690.05,146690.05,paid,0.0,2026-07-25,2026-09-08,INR,2026-07-25T05:30:00+00:00,bu_679432b0,emp_971816de,0.0
invoice,inv_ecf2b36669f7,INV-30-0246,cli_610e871d6b85,Gomathi Chemicals Ltd,36BCDCG9251F1ZG,"[{'rate': 206, 'amount': 60564, 'item_id': 'itm_c8a85059b0ed', 'discount': 0, 'gst_rate': 5, 'hsn_code': '1512', 'quantity': 294, 'gst_amount': 3028.2, 'description': 'Refined Sunflower Oil'}, {'rate': 177200, 'amount': 177200, 'item_id': None, 'discount': 0, 'gst_rate': 18, 'hsn_code': '9987', 'quantity': 1, 'gst_amount': 31896, 'description': 'Annual maintenance contract'}]",237764.0,34924.2,17462.1,17462.1,0.0,True,272688.2,272688.2,paid,0.0,2026-07-24,2026-09-07,INR,2026-07-24T05:30:00+00:00,bu_4527dc88,emp_d9139785,0.0
invoice,inv_3543393bab3e,INV-30-0245,cli_2f3cf15b44d9,Dhanlaxmi Realty & Co,36KGFFD3331H1Z5,"[{'rate': 735, 'amount': 12917.62, 'item_id': 'itm_6c1940fd1ee9', 'discount': 1047.38, 'gst_rate': 18, 'hsn_code': '9405', 'quantity': 19, 'gst_amount': 2325.17, 'description': 'LED Panel Light 18W'}, {'rate': 303, 'amount': 7567.42, 'item_id': 'itm_a18dc2e2495a', 'discount': 613.58, 'gst_rate': 18, 'hsn_code': '9608', 'quantity': 27, 'gst_amount': 1362.14, 'description': 'Ballpoint Pens (Box of 50)'}, {'rate': 15800, 'amount': 15800, 'item_id': None, 'discount': 0, 'gst_rate': 18, 'hsn_code': '9987', 'quantity': 1, 'gst_amount': 2844, 'description': 'Installation and commissioning'}]",36285.04,6531.31,3265.66,3265.65,0.0,True,42816.35,42816.35,paid,0.0,2026-07-23,2026-08-07,INR,2026-07-23T05:30:00+00:00,bu_96eb82ff,emp_fe83e970,1660.96
invoice,inv_b01f45f2730b,INV-30-0244,cli_610e871d6b85,Gomathi Chemicals Ltd,36BCDCG9251F1ZG,"[{'rate': 4623, 'amount': 36984, 'item_id': 'itm_76a0712f9662', 'discount': 0, 'gst_rate': 18, 'hsn_code': '8443', 'quantity': 8, 'gst_amount': 6657.12, 'description': 'Printer Toner Cartridge'}, {'rate': 252700, 'amount': 252700, 'item_id': None, 'discount': 0, 'gst_rate': 18, 'hsn_code': '9983', 'quantity': 1, 'gst_amount': 45486, 'description': 'Site survey and system design'}]",289684.0,52143.12,26071.56,26071.56,0.0,True,341827.12,341827.12,paid,0.0,2026-07-22,2026-09-05,INR,2026-07-22T05:30:00+00:00,bu_4527dc88,emp_d9139785,0.0
invoice,inv_69a7a8106313,INV-30-0243,cli_b13f0057873b,Vaibhav Pharma Distributors LLP,,"[{'rate': 545, 'amount': 5995, 'item_id': 'itm_2c96f97e4068', 'discount': 0, 'gst_rate': 18, 'hsn_code': '8536', 'quantity': 11, 'gst_amount': 1079.1, 'description': 'MCB 32A Double Pole'}, {'rate': 4623, 'amount': 4623, 'item_id': 'itm_76a0712f9662', 'discount': 0, 'gst_rate': 18, 'hsn_code': '8443', 'quantity': 1, 'gst_amount': 832.14, 'description': 'Printer Toner Cartridge'}, {'rate': 114300, 'amount': 114300, 'item_id': None, 'discount': 0, 'gst_rate': 18, 'hsn_code': '9983', 'quantity': 1, 'gst_amount': 20574, 'description': 'Technical support services'}]",124918.0,22485.24,0.0,0.0,22485.24,False,147403.24,147403.24,paid,0.0,2026-07-20,2026-08-19,INR,2026-07-20T05:30:00+00:00,bu_aec2e2f9,emp_fe83e970,0.0
invoice,inv_258846eeac98,INV-30-0241,cli_1bd9a5a8a774,Prabhat Poultry Feeds Pvt Ltd,06JCHCP1403D1ZO,"[{'rate': 22439, 'amount': 22439, 'item_id': 'itm_5a10d4ba17d2', 'discount': 0, 'gst_rate': 5, 'hsn_code': '8541', 'quantity': 1, 'gst_amount': 1121.95, 'description': 'Solar Panel 540W'}, {'rate': 89.3, 'amount': 12412.7, 'item_id': 'itm_e1438ef8ef3a', 'discount': 0, 'gst_rate': 18, 'hsn_code': '7214', 'quantity': 139, 'gst_amount': 2234.29, 'description': 'Mild Steel TMT Bar 12mm'}, {'rate': 19116, 'amount': 19116, 'item_id': 'itm_27b7335c5f54', 'discount': 0, 'gst_rate': 18, 'hsn_code': '8528', 'quantity': 1, 'gst_amount': 3440.88, 'description': '27 inch LED Monitor'}, {'rate': 36300, 'amount': 36300, 'item_id': None, 'discount': 0, 'gst_rate': 18, 'hsn_code': '9987', 'quantity': 1, 'gst_amount': 6534, 'description': 'Installation and commissioning'}]",90267.7,13331.12,0.0,0.0,13331.12,False,103598.82,103598.82,paid,0.0,2026-07-19,2026-08-03,INR,2026-07-19T05:30:00+00:00,bu_679432b0,emp_1b4893ec,0.0
invoice,inv_057661fc2ca4,INV-30-0242,cli_7b15094e33b4,Garuda Granite Exports Private Limited,27QGECG4196M1ZA,"[{'rate': 303, 'amount': 4242, 'item_id': 'itm_a18dc2e2495a', 'discount': 0, 'gst_rate': 18, 'hsn_code': '9608', 'quantity': 14, 'gst_amount': 763.56, 'description': 'Ballpoint Pens (Box of 50)'}, {'rate': 1847, 'amount': 7388, 'item_id': 'itm_30b81ebe90bb', 'discount': 0, 'gst_rate': 18, 'hsn_code': '4407', 'quantity': 4, 'gst_amount': 1329.84, 'description': 'Teak Wood Plank'}, {'rate': 22439, 'amount': 22439, 'item_id': 'itm_5a10d4ba17d2', 'discount': 0, 'gst_rate': 5, 'hsn_code': '8541', 'quantity': 1, 'gst_amount': 1121.95, 'description': 'Solar Panel 540W'}, {'rate': 26900, 'amount': 26900, 'item_id': None, 'discount': 0, 'gst_rate': 18, 'hsn_code': '9987', 'quantity': 1, 'gst_amount': 4842, 'description': 'Annual maintenance contract'}]",60969.0,8057.35,0.0,0.0,8057.35,False,69026.35,69026.35,paid,0.0,2026-07-19,2026-08-03,INR,2026-07-19T05:30:00+00:00,bu_4527dc88,emp_1b4893ec,0.0
invoice,inv_75827c305825,INV-30-0240,cli_8dbe5b435cf4,Garuda Granite Exports Pvt Ltd,27QGECG4196M1ZA,"[{'rate': 3655, 'amount': 3472.25, 'item_id': 'itm_a1ef309705f7', 'discount': 182.75, 'gst_rate': 18, 'hsn_code': '6802', 'quantity': 1, 'gst_amount': 625.01, 'description': 'Polished Granite Slab'}, {'rate': 101.1, 'amount': 9700.54, 'item_id': 'itm_a9b9ad5348a6', 'discount': 510.56, 'gst_rate': 5, 'hsn_code': '6305', 'quantity': 101, 'gst_amount': 485.03, 'description': 'Jute Shopping Bag'}, {'rate': 27600, 'amount': 27600, 'item_id': None, 'discount': 0, 'gst_rate': 18, 'hsn_code': '9983', 'quantity': 1, 'gst_amount': 4968, 'description': 'Site survey and system design'}]",40772.79,6078.04,0.0,0.0,6078.04,False,46850.83,46850.83,paid,0.0,2026-07-17,2026-08-01,INR,2026-07-17T05:30:00+00:00,bu_96eb82ff,emp_49cb1aa0,693.31
invoice,inv_6f95416f7cf5,INV-30-0239,cli_56323ed8ae0d,Gomathi Chemicals Ltd (West Bengal),19BCDCG9251F1ZC,"[{'rate': 3655, 'amount': 20285.25, 'item_id': 'itm_a1ef309705f7', 'discount': 1644.75, 'gst_rate': 18, 'hsn_code': '6802', 'quantity': 6, 'gst_amount': 3651.35, 'description': 'Polished Granite Slab'}, {'rate': 252200, 'amount': 252200, 'item_id': None, 'discount': 0, 'gst_rate': 18, 'hsn_code': '9983', 'quantity': 1, 'gst_amount': 45396, 'description': 'Technical support services'}]",272485.25,49047.35,0.0,0.0,49047.35,False,321532.6,321532.6,paid,0.0,2026-07-16,2026-08-15,INR,2026-07-16T05:30:00+00:00,bu_679432b0,emp_3068e794,1644.75
invoice,inv_743da1a42ef0,INV-30-0238,cli_9560b405511e,Janata Educational Society LLP,29HGGFJ5164C1ZV,"[{'rate': 3877, 'amount': 25103.57, 'item_id': 'itm_0504d82b8f09', 'discount': 2035.43, 'gst_rate': 18, 'hsn_code': '8544', 'quantity': 7, 'gst_amount': 4518.64, 'description': 'Copper Wire 2.5 sq mm (90 m coil)'}, {'rate': 9376, 'amount': 26018.4, 'item_id': 'itm_64aca0f0e78b', 'discount': 2109.6, 'gst_rate': 18, 'hsn_code': '9401', 'quantity': 3, 'gst_amount': 4683.31, 'description': 'Ergonomic Office Chair'}, {'rate': 428100, 'amount': 428100, 'item_id': None, 'discount': 0, 'gst_rate': 18, 'hsn_code': '9987', 'quantity': 1, 'gst_amount': 77058, 'description': 'Annual maintenance contract'}]",479221.97,86259.95,0.0,0.0,86259.95,False,565481.92,565481.92,paid,0.0,2026-07-15,2026-08-29,INR,2026-07-15T05:30:00+00:00,bu_4527dc88,emp_2b8f0f79,4145.03
invoice,inv_5a72aa0c9058,INV-30-0237,cli_b260cfe71a21,Sambhav Pharma Distributors Ltd,08LNCCS5810A1ZS,"[{'rate': 89.3, 'amount': 94747.3, 'item_id': 'itm_e1438ef8ef3a', 'discount': 0, 'gst_rate': 18, 'hsn_code': '7214', 'quantity': 1061, 'gst_amount': 17054.51, 'description': 'Mild Steel TMT Bar 12mm'}, {'rate': 608300, 'amount': 608300, 'item_id': None, 'discount': 0, 'gst_rate': 18, 'hsn_code': '9987', 'quantity': 1, 'gst_amount': 109494, 'description': 'Installation and commissioning'}]",703047.3,126548.51,0.0,0.0,126548.51,False,829595.81,0.0,overdue,829595.81,2026-07-14,2026-08-28,INR,2026-07-14T05:30:00+00:00,bu_aec2e2f9,emp_fda25f21,0.0
invoice,inv_53217b46b9d5,INV-30-0236,cli_75113f1f721f,Swastik Furnishings Pvt Ltd,03MDECS4025R1ZO,"[{'rate': 1483, 'amount': 4315.53, 'item_id': 'itm_e458ff1cfc20', 'discount': 133.47, 'gst_rate': 18, 'hsn_code': '8471', 'quantity': 3, 'gst_amount': 776.8, 'description': 'Wireless Keyboard and Mouse Combo'}, {'rate': 562, 'amount': 4361.12, 'item_id': 'itm_c764476f2be1', 'discount': 134.88, 'gst_rate': 18, 'hsn_code': '2523', 'quantity': 8, 'gst_amount': 785, 'description': 'Portland Cement 50kg Bag'}, {'rate': 1425, 'amount': 8293.5, 'item_id': 'itm_0cf3f40c0c30', 'discount': 256.5, 'gst_rate': 5, 'hsn_code': '6403', 'quantity': 6, 'gst_amount': 414.68, 'description': 'Safety Shoes (Pair)'}, {'rate': 30900, 'amount': 30900, 'item_id': None, 'discount': 0, 'gst_rate': 18, 'hsn_code': '9983', 'quantity': 1, 'gst_amount': 5562, 'description': 'Site survey and system design'}]",47870.15,7538.48,0.0,0.0,7538.48,False,55408.63,55408.63,paid,0.0,2026-07-12,2026-08-11,INR,2026-07-12T05:30:00+00:00,bu_aec2e2f9,emp_9a7f9946,524.85
invoice,inv_e21367318624,INV-30-0235,cli_eed20611fa50,Mehta Spice Traders,36ECCPM1752Q1Z4,"[{'rate': 19116, 'amount': 38232, 'item_id': 'itm_27b7335c5f54', 'discount': 0, 'gst_rate': 18, 'hsn_code': '8528', 'quantity': 2, 'gst_amount': 6881.76, 'description': '27 inch LED Monitor'}, {'rate': 123200, 'amount': 123200, 'item_id': None, 'discount': 0, 'gst_rate': 18, 'hsn_code': '9983', 'quantity': 1, 'gst_amount': 22176, 'description': 'Technical support services'}]",161432.0,29057.76,14528.88,14528.88,0.0,True,190489.76,190489.76,paid,0.0,2026-07-10,2026-08-09,INR,2026-07-10T05:30:00+00:00,bu_4527dc88,emp_fe83e970,0.0
invoice,inv_a57252516029,INV-30-0234,cli_918a7179c0e2,Bharat Textiles Pvt Ltd,36EQPCB6750Q1ZS,"[{'rate': 73542, 'amount': 73542, 'item_id': 'itm_2d6c1c069a2b', 'discount': 0, 'gst_rate': 18, 'hsn_code': '8471', 'quantity': 1, 'gst_amount': 13237.56, 'description': 'Laptop 14 inch Core i5'}, {'rate': 72800, 'amount': 72800, 'item_id': None, 'discount': 0, 'gst_rate': 18, 'hsn_code': '9987', 'quantity': 1, 'gst_amount': 13104, 'description': 'Annual maintenance contract'}]",146342.0,26341.56,13170.78,13170.78,0.0,True,172683.56,0.0,overdue,172683.56,2026-07-10,2026-08-24,INR,2026-07-10T05:30:00+00:00,bu_679432b0,emp_54b32704,0.0
invoice,inv_5fa0d9c5366c,INV-30-0233,cli_17beefa6b3c7,BANERJEE INFOSOLUTIONS PVT LTD,23QEHCB4180F1ZB,"[{'rate': 1337, 'amount': 12033, 'item_id': 'itm_65368cd0fa76', 'discount': 0, 'gst_rate': 18, 'hsn_code': '8311', 'quantity': 9, 'gst_amount': 2165.94, 'description': 'Welding Electrode 3.15mm (Box)'}, {'rate': 257, 'amount': 16191, 'item_id': 'itm_f319cb87961e', 'discount': 0, 'gst_rate': 5, 'hsn_code': '5208', 'quantity': 63, 'gst_amount': 809.55, 'description': 'Cotton Shirting Fabric'}, {'rate': 545, 'amount': 24525, 'item_id': 'itm_2c96f97e4068', 'discount': 0, 'gst_rate': 18, 'hsn_code': '8536', 'quantity': 45, 'gst_amount': 4414.5, 'description': 'MCB 32A Double Pole'}, {'rate': 348000, 'amount': 348000, 'item_id': None, 'discount': 0, 'gst_rate': 18, 'hsn_code': '9987', 'quantity': 1, 'gst_amount': 62640, 'description': 'Installation and commissioning'}]",400749.0,70029.99,0.0,0.0,70029.99,False,470778.99,470778.99,paid,0.0,2026-07-09,2026-08-08,INR,2026-07-09T05:30:00+00:00,bu_96eb82ff,emp_54b32704,0.0
invoice,inv_32272cef1bf6,INV-30-0232,cli_56323ed8ae0d,Gomathi Chemicals Ltd (West Bengal),19BCDCG9251F1ZC,"[{'rate': 206, 'amount': 22454, 'item_id': 'itm_c8a85059b0ed', 'discount': 0, 'gst_rate': 5, 'hsn_code': '1512', 'quantity': 109, 'gst_amount': 1122.7, 'description': 'Refined Sunflower Oil'}, {'rate': 73542, 'amount': 73542, 'item_id': 'itm_2d6c1c069a2b', 'discount': 0, 'gst_rate': 18, 'hsn_code': '8471', 'quantity': 1, 'gst_amount': 13237.56, 'description': 'Laptop 14 inch Core i5'}, {'rate': 432700, 'amount': 432700, 'item_id': None, 'discount': 0, 'gst_rate': 18, 'hsn_code': '9983', 'quantity': 1, 'gst_amount': 77886, 'description': 'Site survey and system design'}]",528696.0,92246.26,0.0,0.0,92246.26,False,620942.26,620942.26,paid,0.0,2026-07-07,2026-08-06,INR,2026-07-07T05:30:00+00:00,bu_679432b0,emp_3068e794,0.0
invoice,inv_4a591229d341,INV-30-0231,cli_8ccf460d8557,Vasantha Hardware Mart & Co,27PDFFV6447J1Z3,"[{'rate': 19116, 'amount': 19116, 'item_id': 'itm_27b7335c5f54', 'discount': 0, 'gst_rate': 18, 'hsn_code': '8528', 'quantity': 1, 'gst_amount': 3440.88, 'description': '27 inch LED Monitor'}, {'rate': 118700, 'amount': 118700, 'item_id': None, 'discount': 0, 'gst_rate': 18, 'hsn_code': '9983', 'quantity': 1, 'gst_amount': 21366, 'description': 'Technical support services'}]",137816.0,24806.88,0.0,0.0,24806.88,False,162622.88,159866.88,overdue,2756.0,2026-07-06,2026-08-05,INR,2026-07-06T05:30:00+00:00,bu_96eb82ff,emp_3068e794,0.0
invoice,inv_4e4bb731d378,INV-30-0230,cli_eed20611fa50,Mehta Spice Traders,36ECCPM1752Q1Z4,"[{'rate': 303, 'amount': 19089, 'item_id': 'itm_a18dc2e2495a', 'discount': 0, 'gst_rate': 18, 'hsn_code': '9608', 'quantity': 63, 'gst_amount': 3436.02, 'description': 'Ballpoint Pens (Box of 50)'}, {'rate': 1847, 'amount': 33246, 'item_id': 'itm_30b81ebe90bb', 'discount': 0, 'gst_rate': 18, 'hsn_code': '4407', 'quantity': 18, 'gst_amount': 5984.28, 'description': 'Teak Wood Plank'}, {'rate': 463200, 'amount': 463200, 'item_id': None, 'discount': 0, 'gst_rate': 18, 'hsn_code': '9987', 'quantity': 1, 'gst_amount': 83376, 'description': 'Annual maintenance contract'}]",515535.0,92796.3,46398.15,46398.15,0.0,True,608331.3,608331.3,paid,0.0,2026-07-05,2026-08-04,INR,2026-07-05T05:30:00+00:00,bu_4527dc88,emp_fe83e970,0.0
invoice,inv_991c1ccef4e4,INV-30-0229,cli_8315738bae6f,Annapurna Granite Exports Pvt Ltd,36QCRCA5397R1ZX,"[{'rate': 545, 'amount': 35425, 'item_id': 'itm_2c96f97e4068', 'discount': 0, 'gst_rate': 18, 'hsn_code': '8536', 'quantity': 65, 'gst_amount': 6376.5, 'description': 'MCB 32A Double Pole'}, {'rate': 4623, 'amount': 87837, 'item_id': 'itm_76a0712f9662', 'discount': 0, 'gst_rate': 18, 'hsn_code': '8443', 'quantity': 19, 'gst_amount': 15810.66, 'description': 'Printer Toner Cartridge'}, {'rate': 6346, 'amount': 57114, 'item_id': 'itm_b76a11de0764', 'discount': 0, 'gst_rate': 18, 'hsn_code': '3209', 'quantity': 9, 'gst_amount': 10280.52, 'description': 'Emulsion Paint 20L'}, {'rate': 230700, 'amount': 230700, 'item_id': None, 'discount': 0, 'gst_rate': 18, 'hsn_code': '9987', 'quantity': 1, 'gst_amount': 41526, 'description': 'Installation and commissioning'}]",411076.0,73993.68,36996.84,36996.84,0.0,True,485069.68,485069.68,paid,0.0,2026-07-04,2026-09-02,INR,2026-07-04T05:30:00+00:00,bu_96eb82ff,emp_a247f565,0.0
invoice,inv_b01ea4462210,INV-30-0228,cli_cf34dbd6625e,Malhotra Constructions LLP,36CDHFM6917C1Z4,"[{'rate': 1910, 'amount': 7640, 'item_id': 'itm_651095a5ff54', 'discount': 0, 'gst_rate': 18, 'hsn_code': '4802', 'quantity': 4, 'gst_amount': 1375.2, 'description': 'A4 Copier Paper 75 GSM (5 reams)'}]",7640.0,1375.2,687.6,687.6,0.0,True,9015.2,0.0,overdue,9015.2,2026-07-02,2026-07-17,INR,2026-07-02T05:30:00+00:00,bu_aec2e2f9,emp_3068e794,0.0
invoice,inv_8f249578e327,INV-30-0227,cli_88e988f9c7af,Ganga Packaging Ltd,19BHJCG0275L1ZT,"[{'rate': 545, 'amount': 12284.3, 'item_id': 'itm_b77647bb32db', 'discount': 250.7, 'gst_rate': 5, 'hsn_code': '4015', 'quantity': 23, 'gst_amount': 614.22, 'description': 'Nitrile Gloves (Box of 100)'}, {'rate': 1337, 'amount': 7861.56, 'item_id': 'itm_65368cd0fa76', 'discount': 160.44, 'gst_rate': 18, 'hsn_code': '8311', 'quantity': 6, 'gst_amount': 1415.08, 'description': 'Welding Electrode 3.15mm (Box)'}, {'rate': 42700, 'amount': 42700, 'item_id': None, 'discount': 0, 'gst_rate': 18, 'hsn_code': '9983', 'quantity': 1, 'gst_amount': 7686, 'description': 'Technical support services'}]",62845.86,9715.3,0.0,0.0,9715.3,False,72561.16,72561.16,paid,0.0,2026-07-01,2026-07-31,INR,2026-07-01T05:30:00+00:00,bu_679432b0,emp_fda25f21,411.14
invoice,inv_cc2017ed6251,INV-30-0226,cli_9503096a978f,Shiva Printers,36NCGPS9474F1ZP,"[{'rate': 287, 'amount': 29274, 'item_id': 'itm_147fdb6362e6', 'discount': 0, 'gst_rate': 5, 'hsn_code': '6109', 'quantity': 102, 'gst_amount': 1463.7, 'description': 'Cotton T-Shirt'}, {'rate': 476600, 'amount': 476600, 'item_id': None, 'discount': 0, 'gst_rate': 18, 'hsn_code': '9987', 'quantity': 1, 'gst_amount': 85788, 'description': 'Annual maintenance contract'}]",505874.0,87251.7,43625.85,43625.85,0.0,True,593125.7,593125.7,paid,0.0,2026-06-30,2026-08-14,INR,2026-06-30T05:30:00+00:00,bu_aec2e2f9,emp_a247f565,0.0
invoice,inv_e585a4c4f2c5,INV-30-0224,cli_b260cfe71a21,Sambhav Pharma Distributors Ltd,08LNCCS5810A1ZS,"[{'rate': 1847, 'amount': 75172.9, 'item_id': 'itm_30b81ebe90bb', 'discount': 6095.1, 'gst_rate': 18, 'hsn_code': '4407', 'quantity': 44, 'gst_amount': 13531.12, 'description': 'Teak Wood Plank'}, {'rate': 22439, 'amount': 41512.15, 'item_id': 'itm_5a10d4ba17d2', 'discount': 3365.85, 'gst_rate': 5, 'hsn_code': '8541', 'quantity': 2, 'gst_amount': 2075.61, 'description': 'Solar Panel 540W'}, {'rate': 210500, 'amount': 210500, 'item_id': None, 'discount': 0, 'gst_rate': 18, 'hsn_code': '9983', 'quantity': 1, 'gst_amount': 37890, 'description': 'Site survey and system design'}]",327185.05,53496.73,0.0,0.0,53496.73,False,380681.78,0.0,overdue,380681.78,2026-06-28,2026-08-12,INR,2026-06-28T05:30:00+00:00,bu_aec2e2f9,emp_fda25f21,9460.95
invoice,inv_d96670121e7c,INV-30-0225,cli_eed20611fa50,Mehta Spice Traders,36ECCPM1752Q1Z4,"[{'rate': 206, 'amount': 37080, 'item_id': 'itm_c8a85059b0ed', 'discount': 0, 'gst_rate': 5, 'hsn_code': '1512', 'quantity': 180, 'gst_amount': 1854, 'description': 'Refined Sunflower Oil'}, {'rate': 73542, 'amount': 73542, 'item_id': 'itm_2d6c1c069a2b', 'discount': 0, 'gst_rate': 18, 'hsn_code': '8471', 'quantity': 1, 'gst_amount': 13237.56, 'description': 'Laptop 14 inch Core i5'}, {'rate': 545, 'amount': 35970, 'item_id': 'itm_b77647bb32db', 'discount': 0, 'gst_rate': 5, 'hsn_code': '4015', 'quantity': 66, 'gst_amount': 1798.5, 'description': 'Nitrile Gloves (Box of 100)'}, {'rate': 113900, 'amount': 113900, 'item_id': None, 'discount': 0, 'gst_rate': 18, 'hsn_code': '9987', 'quantity': 1, 'gst_amount': 20502, 'description': 'Installation and commissioning'}]",260492.0,37392.06,18696.03,18696.03,0.0,True,297884.06,297884.06,paid,0.0,2026-06-28,2026-07-28,INR,2026-06-28T05:30:00+00:00,bu_4527dc88,emp_fe83e970,0.0
invoice,inv_bd4685913351,INV-30-0223,cli_22e33b634a54,Maruthi Hospitals Pvt Ltd,32GECCM4463F1ZE,"[{'rate': 2575, 'amount': 64310.62, 'item_id': 'itm_30b1c20ab680', 'discount': 5214.38, 'gst_rate': 18, 'hsn_code': '8414', 'quantity': 27, 'gst_amount': 11575.91, 'description': 'Ceiling Fan 1200mm'}, {'rate': 308300, 'amount': 308300, 'item_id': None, 'discount': 0, 'gst_rate': 18, 'hsn_code': '9983', 'quantity': 1, 'gst_amount': 55494, 'description': 'Technical support services'}]",372610.62,67069.91,0.0,0.0,67069.91,False,439680.53,439680.53,paid,0.0,2026-06-26,2026-08-25,INR,2026-06-26T05:30:00+00:00,bu_679432b0,emp_49cb1aa0,5214.38
invoice,inv_f8f44381923a,INV-30-0222,cli_8315738bae6f,Annapurna Granite Exports Pvt Ltd,36QCRCA5397R1ZX,"[{'rate': 51.5, 'amount': 31209, 'item_id': 'itm_22e1b24ec5c5', 'discount': 0, 'gst_rate': 18, 'hsn_code': '4819', 'quantity': 606, 'gst_amount': 5617.62, 'description': 'Corrugated Shipping Carton 18x12x12'}, {'rate': 245900, 'amount': 245900, 'item_id': None, 'discount': 0, 'gst_rate': 18, 'hsn_code': '9987', 'quantity': 1, 'gst_amount': 44262, 'description': 'Annual maintenance contract'}]",277109.0,49879.62,24939.81,24939.81,0.0,True,326988.62,326988.62,paid,0.0,2026-06-25,2026-08-24,INR,2026-06-25T05:30:00+00:00,bu_96eb82ff,emp_a247f565,0.0
invoice,inv_dfea877690a2,INV-30-0221,cli_b260cfe71a21,Sambhav Pharma Distributors Ltd,08LNCCS5810A1ZS,"[{'rate': 22439, 'amount': 22439, 'item_id': 'itm_5a10d4ba17d2', 'discount': 0, 'gst_rate': 5, 'hsn_code': '8541', 'quantity': 1, 'gst_amount': 1121.95, 'description': 'Solar Panel 540W'}, {'rate': 166600, 'amount': 166600, 'item_id': None, 'discount': 0, 'gst_rate': 18, 'hsn_code': '9987', 'quantity': 1, 'gst_amount': 29988, 'description': 'Installation and commissioning'}]",189039.0,31109.95,0.0,0.0,31109.95,False,220148.95,0.0,overdue,220148.95,2026-06-24,2026-08-08,INR,2026-06-24T05:30:00+00:00,bu_aec2e2f9,emp_fda25f21,0.0
invoice,inv_ee2e2a88043f,INV-30-0220,cli_22e33b634a54,Maruthi Hospitals Pvt Ltd,32GECCM4463F1ZE,"[{'rate': 1337, 'amount': 42784, 'item_id': 'itm_65368cd0fa76', 'discount': 0, 'gst_rate': 18, 'hsn_code': '8311', 'quantity': 32, 'gst_amount': 7701.12, 'description': 'Welding Electrode 3.15mm (Box)'}, {'rate': 383400, 'amount': 383400, 'item_id': None, 'discount': 0, 'gst_rate': 18, 'hsn_code': '9983', 'quantity': 1, 'gst_amount': 69012, 'description': 'Site survey and system design'}]",426184.0,76713.12,0.0,0.0,76713.12,False,502897.12,502897.12,paid,0.0,2026-06-23,2026-08-22,INR,2026-06-23T05:30:00+00:00,bu_679432b0,emp_49cb1aa0,0.0
invoice,inv_4e0c92241d62,INV-30-0219,cli_22e33b634a54,Maruthi Hospitals Pvt Ltd,32GECCM4463F1ZE,"[{'rate': 3655, 'amount': 69445, 'item_id': 'itm_a1ef309705f7', 'discount': 0, 'gst_rate': 18, 'hsn_code': '6802', 'quantity': 19, 'gst_amount': 12500.1, 'description': 'Polished Granite Slab'}, {'rate': 159700, 'amount': 159700, 'item_id': None, 'discount': 0, 'gst_rate': 18, 'hsn_code': '9983', 'quantity': 1, 'gst_amount': 28746, 'description': 'Technical support services'}]",229145.0,41246.1,0.0,0.0,41246.1,False,270391.1,270391.1,paid,0.0,2026-06-21,2026-08-20,INR,2026-06-21T05:30:00+00:00,bu_679432b0,emp_49cb1aa0,0.0
invoice,inv_38cfaecfbac3,INV-30-0218,cli_66feac54abd2,Shree Ganesh Steel Traders Ltd,36ACECS1882G1Z5,"[{'rate': 4623, 'amount': 13452.93, 'item_id': 'itm_76a0712f9662', 'discount': 416.07, 'gst_rate': 18, 'hsn_code': '8443', 'quantity': 3, 'gst_amount': 2421.53, 'description': 'Printer Toner Cartridge'}, {'rate': 6346, 'amount': 6155.62, 'item_id': 'itm_b76a11de0764', 'discount': 190.38, 'gst_rate': 18, 'hsn_code': '3209', 'quantity': 1, 'gst_amount': 1108.01, 'description': 'Emulsion Paint 20L'}, {'rate': 1910, 'amount': 11116.2, 'item_id': 'itm_651095a5ff54', 'discount': 343.8, 'gst_rate': 18, 'hsn_code': '4802', 'quantity': 6, 'gst_amount': 2000.92, 'description': 'A4 Copier Paper 75 GSM (5 reams)'}, {'rate': 36900, 'amount': 36900, 'item_id': None, 'discount': 0, 'gst_rate': 18, 'hsn_code': '9987', 'quantity': 1, 'gst_amount': 6642, 'description': 'Annual maintenance contract'}]",67624.75,12172.46,6086.23,6086.23,0.0,True,79797.21,79797.21,paid,0.0,2026-06-21,2026-07-06,INR,2026-06-21T05:30:00+00:00,bu_96eb82ff,emp_2b8f0f79,950.25
invoice,inv_0676fdd98187,INV-30-0217,cli_69811b21ffcd,Sunrise Agro Foods Pvt Ltd,24GDPCS7101L1ZS,"[{'rate': 89.3, 'amount': 10180.2, 'item_id': 'itm_e1438ef8ef3a', 'discount': 0, 'gst_rate': 18, 'hsn_code': '7214', 'quantity': 114, 'gst_amount': 1832.44, 'description': 'Mild Steel TMT Bar 12mm'}, {'rate': 38200, 'amount': 38200, 'item_id': None, 'discount': 0, 'gst_rate': 18, 'hsn_code': '9987', 'quantity': 1, 'gst_amount': 6876, 'description': 'Installation and commissioning'}]",48380.2,8708.44,0.0,0.0,8708.44,False,57088.64,57088.64,paid,0.0,2026-06-20,2026-07-05,INR,2026-06-20T05:30:00+00:00,bu_4527dc88,emp_49cb1aa0,0.0
invoice,inv_8889cade98ed,INV-30-0216,cli_b13f0057873b,Vaibhav Pharma Distributors LLP,,"[{'rate': 257, 'amount': 8563.24, 'item_id': 'itm_f319cb87961e', 'discount': 174.76, 'gst_rate': 5, 'hsn_code': '5208', 'quantity': 34, 'gst_amount': 428.16, 'description': 'Cotton Shirting Fabric'}, {'rate': 34900, 'amount': 34900, 'item_id': None, 'discount': 0, 'gst_rate': 18, 'hsn_code': '9983', 'quantity': 1, 'gst_amount': 6282, 'description': 'Site survey and system design'}]",43463.24,6710.16,0.0,0.0,6710.16,False,50173.4,50173.4,paid,0.0,2026-06-17,2026-07-17,INR,2026-06-17T05:30:00+00:00,bu_aec2e2f9,emp_fe83e970,174.76
invoice,inv_43db9af1d658,INV-30-0215,cli_eee2cf7d7133,Navaratna Electricals & Co,36JEAFN0901L1Z2,"[{'rate': 562, 'amount': 17984, 'item_id': 'itm_c764476f2be1', 'discount': 0, 'gst_rate': 18, 'hsn_code': '2523', 'quantity': 32, 'gst_amount': 3237.12, 'description': 'Portland Cement 50kg Bag'}, {'rate': 110600, 'amount': 110600, 'item_id': None, 'discount': 0, 'gst_rate': 18, 'hsn_code': '9983', 'quantity': 1, 'gst_amount': 19908, 'description': 'Technical support services'}]",128584.0,23145.12,11572.56,11572.56,0.0,True,151729.12,151729.12,paid,0.0,2026-06-17,2026-08-01,INR,2026-06-17T05:30:00+00:00,bu_679432b0,emp_971816de,0.0
invoice,inv_95c5b0422b5b,INV-30-0214,cli_d40e9f0634bb,Everest Plastics & Co,37PDBFE2118A1ZN,"[{'rate': 3877, 'amount': 3877, 'item_id': 'itm_0504d82b8f09', 'discount': 0, 'gst_rate': 18, 'hsn_code': '8544', 'quantity': 1, 'gst_amount': 697.86, 'description': 'Copper Wire 2.5 sq mm (90 m coil)'}]",3877.0,697.86,0.0,0.0,697.86,False,4574.86,4574.86,paid,0.0,2026-06-15,2026-07-15,INR,2026-06-15T05:30:00+00:00,bu_679432b0,emp_a247f565,0.0
invoice,inv_d608f7f80522,INV-30-0213,cli_b260cfe71a21,Sambhav Pharma Distributors Ltd,08LNCCS5810A1ZS,"[{'rate': 1910, 'amount': 78310, 'item_id': 'itm_651095a5ff54', 'discount': 0, 'gst_rate': 18, 'hsn_code': '4802', 'quantity': 41, 'gst_amount': 14095.8, 'description': 'A4 Copier Paper 75 GSM (5 reams)'}, {'rate': 267700, 'amount': 267700, 'item_id': None, 'discount': 0, 'gst_rate': 18, 'hsn_code': '9987', 'quantity': 1, 'gst_amount': 48186, 'description': 'Installation and commissioning'}]",346010.0,62281.8,0.0,0.0,62281.8,False,408291.8,408291.8,paid,0.0,2026-06-14,2026-07-29,INR,2026-06-14T05:30:00+00:00,bu_aec2e2f9,emp_fda25f21,0.0
invoice,inv_2bb31bb7c256,INV-30-0212,cli_8315738bae6f,Annapurna Granite Exports Pvt Ltd,36QCRCA5397R1ZX,"[{'rate': 735, 'amount': 73500, 'item_id': 'itm_6c1940fd1ee9', 'discount': 0, 'gst_rate': 18, 'hsn_code': '9405', 'quantity': 100, 'gst_amount': 13230, 'description': 'LED Panel Light 18W'}, {'rate': 303, 'amount': 53631, 'item_id': 'itm_a18dc2e2495a', 'discount': 0, 'gst_rate': 18, 'hsn_code': '9608', 'quantity': 177, 'gst_amount': 9653.58, 'description': 'Ballpoint Pens (Box of 50)'}, {'rate': 378600, 'amount': 378600, 'item_id': None, 'discount': 0, 'gst_rate': 18, 'hsn_code': '9983', 'quantity': 1, 'gst_amount': 68148, 'description': 'Site survey and system design'}]",505731.0,91031.58,45515.79,45515.79,0.0,True,596762.58,596762.58,paid,0.0,2026-06-13,2026-08-12,INR,2026-06-13T05:30:00+00:00,bu_96eb82ff,emp_a247f565,0.0
invoice,inv_98008e7db3c1,INV-30-0211,cli_b260cfe71a21,Sambhav Pharma Distributors Ltd,08LNCCS5810A1ZS,"[{'rate': 303, 'amount': 109383, 'item_id': 'itm_a18dc2e2495a', 'discount': 0, 'gst_rate': 18, 'hsn_code': '9608', 'quantity': 361, 'gst_amount': 19688.94, 'description': 'Ballpoint Pens (Box of 50)'}, {'rate': 1847, 'amount': 60951, 'item_id': 'itm_30b81ebe90bb', 'discount': 0, 'gst_rate': 18, 'hsn_code': '4407', 'quantity': 33, 'gst_amount': 10971.18, 'description': 'Teak Wood Plank'}, {'rate': 836500, 'amount': 836500, 'item_id': None, 'discount': 0, 'gst_rate': 18, 'hsn_code': '9983', 'quantity': 1, 'gst_amount': 150570, 'description': 'Technical support services'}]",1006834.0,181230.12,0.0,0.0,181230.12,False,1188064.12,1188064.12,paid,0.0,2026-06-12,2026-07-27,INR,2026-06-12T05:30:00+00:00,bu_aec2e2f9,emp_fda25f21,0.0
invoice,inv_04de54466858,INV-30-0210,cli_b260cfe71a21,Sambhav Pharma Distributors Ltd,08LNCCS5810A1ZS,"[{'rate': 19116, 'amount': 37467.36, 'item_id': 'itm_27b7335c5f54', 'discount': 764.64, 'gst_rate': 18, 'hsn_code': '8528', 'quantity': 2, 'gst_amount': 6744.12, 'description': '27 inch LED Monitor'}, {'rate': 1569400, 'amount': 1569400, 'item_id': None, 'discount': 0, 'gst_rate': 18, 'hsn_code': '9987', 'quantity': 1, 'gst_amount': 282492, 'description': 'Annual maintenance contract'}]",1606867.36,289236.12,0.0,0.0,289236.12,False,1896103.48,1896103.48,paid,0.0,2026-06-11,2026-07-26,INR,2026-06-11T05:30:00+00:00,bu_aec2e2f9,emp_fda25f21,764.64
invoice,inv_b20b0238dc55,INV-30-0209,cli_918a7179c0e2,Bharat Textiles Pvt Ltd,36EQPCB6750Q1ZS,"[{'rate': 147.1, 'amount': 11620.9, 'item_id': 'itm_ae58c717b5d1', 'discount': 0, 'gst_rate': 18, 'hsn_code': '3808', 'quantity': 79, 'gst_amount': 2091.76, 'description': 'Hand Sanitiser'}, {'rate': 184300, 'amount': 184300, 'item_id': None, 'discount': 0, 'gst_rate': 18, 'hsn_code': '9987', 'quantity': 1, 'gst_amount': 33174, 'description': 'Installation and commissioning'}]",195920.9,35265.76,17632.88,17632.88,0.0,True,231186.66,231186.66,paid,0.0,2026-06-10,2026-07-25,INR,2026-06-10T05:30:00+00:00,bu_679432b0,emp_54b32704,0.0
invoice,inv_486e7e564abb,INV-30-0208,cli_56323ed8ae0d,Gomathi Chemicals Ltd (West Bengal),19BCDCG9251F1ZC,"[{'rate': 1483, 'amount': 24454.67, 'item_id': 'itm_e458ff1cfc20', 'discount': 756.33, 'gst_rate': 18, 'hsn_code': '8471', 'quantity': 17, 'gst_amount': 4401.84, 'description': 'Wireless Keyboard and Mouse Combo'}, {'rate': 156000, 'amount': 156000, 'item_id': None, 'discount': 0, 'gst_rate': 18, 'hsn_code': '9983', 'quantity': 1, 'gst_amount': 28080, 'description': 'Site survey and system design'}]",180454.67,32481.84,0.0,0.0,32481.84,False,212936.51,212936.51,paid,0.0,2026-06-09,2026-07-09,INR,2026-06-09T05:30:00+00:00,bu_679432b0,emp_3068e794,756.33
invoice,inv_8f0e47a0c821,INV-30-0207,cli_21c6d08f264f,Apex Auto Parts LLP,36GELFA3104A1ZT,"[{'rate': 735, 'amount': 8085, 'item_id': 'itm_6c1940fd1ee9', 'discount': 0, 'gst_rate': 18, 'hsn_code': '9405', 'quantity': 11, 'gst_amount': 1455.3, 'description': 'LED Panel Light 18W'}, {'rate': 303, 'amount': 14847, 'item_id': 'itm_a18dc2e2495a', 'discount': 0, 'gst_rate': 18, 'hsn_code': '9608', 'quantity': 49, 'gst_amount': 2672.46, 'description': 'Ballpoint Pens (Box of 50)'}, {'rate': 1847, 'amount': 11082, 'item_id': 'itm_30b81ebe90bb', 'discount': 0, 'gst_rate': 18, 'hsn_code': '4407', 'quantity': 6, 'gst_amount': 1994.76, 'description': 'Teak Wood Plank'}]",34014.0,6122.52,3061.26,3061.26,0.0,True,40136.52,0.0,overdue,40136.52,2026-06-07,2026-06-22,INR,2026-06-07T05:30:00+00:00,bu_4527dc88,emp_971816de,0.0
invoice,inv_8ddd08eeac10,INV-30-0206,cli_b260cfe71a21,Sambhav Pharma Distributors Ltd,08LNCCS5810A1ZS,"[{'rate': 6346, 'amount': 38076, 'item_id': 'itm_b76a11de0764', 'discount': 0, 'gst_rate': 18, 'hsn_code': '3209', 'quantity': 6, 'gst_amount': 6853.68, 'description': 'Emulsion Paint 20L'}, {'rate': 1910, 'amount': 30560, 'item_id': 'itm_651095a5ff54', 'discount': 0, 'gst_rate': 18, 'hsn_code': '4802', 'quantity': 16, 'gst_amount': 5500.8, 'description': 'A4 Copier Paper 75 GSM (5 reams)'}, {'rate': 3877, 'amount': 46524, 'item_id': 'itm_0504d82b8f09', 'discount': 0, 'gst_rate': 18, 'hsn_code': '8544', 'quantity': 12, 'gst_amount': 8374.32, 'description': 'Copper Wire 2.5 sq mm (90 m coil)'}, {'rate': 345800, 'amount': 345800, 'item_id': None, 'discount': 0, 'gst_rate': 18, 'hsn_code': '9987', 'quantity': 1, 'gst_amount': 62244, 'description': 'Annual maintenance contract'}]",460960.0,82972.8,0.0,0.0,82972.8,False,543932.8,543932.8,paid,0.0,2026-06-06,2026-07-21,INR,2026-06-06T05:30:00+00:00,bu_aec2e2f9,emp_fda25f21,0.0
invoice,inv_6d94bb8bf434,INV-30-0205,cli_b260cfe71a21,Sambhav Pharma Distributors Ltd,08LNCCS5810A1ZS,"[{'rate': 3877, 'amount': 54278, 'item_id': 'itm_0504d82b8f09', 'discount': 0, 'gst_rate': 18, 'hsn_code': '8544', 'quantity': 14, 'gst_amount': 9770.04, 'description': 'Copper Wire 2.5 sq mm (90 m coil)'}, {'rate': 9376, 'amount': 75008, 'item_id': 'itm_64aca0f0e78b', 'discount': 0, 'gst_rate': 18, 'hsn_code': '9401', 'quantity': 8, 'gst_amount': 13501.44, 'description': 'Ergonomic Office Chair'}, {'rate': 251500, 'amount': 251500, 'item_id': None, 'discount': 0, 'gst_rate': 18, 'hsn_code': '9987', 'quantity': 1, 'gst_amount': 45270, 'description': 'Installation and commissioning'}]",380786.0,68541.48,0.0,0.0,68541.48,False,449327.48,449327.48,paid,0.0,2026-06-04,2026-07-19,INR,2026-06-04T05:30:00+00:00,bu_aec2e2f9,emp_fda25f21,0.0
invoice,inv_8dccf12d6599,INV-30-0204,cli_22e33b634a54,Maruthi Hospitals Pvt Ltd,32GECCM4463F1ZE,"[{'rate': 269, 'amount': 76396, 'item_id': 'itm_40102b7b2ad7', 'discount': 0, 'gst_rate': 5, 'hsn_code': '0910', 'quantity': 284, 'gst_amount': 3819.8, 'description': 'Turmeric Powder'}, {'rate': 1483, 'amount': 32626, 'item_id': 'itm_e458ff1cfc20', 'discount': 0, 'gst_rate': 18, 'hsn_code': '8471', 'quantity': 22, 'gst_amount': 5872.68, 'description': 'Wireless Keyboard and Mouse Combo'}, {'rate': 562, 'amount': 68002, 'item_id': 'itm_c764476f2be1', 'discount': 0, 'gst_rate': 18, 'hsn_code': '2523', 'quantity': 121, 'gst_amount': 12240.36, 'description': 'Portland Cement 50kg Bag'}, {'rate': 415700, 'amount': 415700, 'item_id': None, 'discount': 0, 'gst_rate': 18, 'hsn_code': '9983', 'quantity': 1, 'gst_amount': 74826, 'description': 'Site survey and system design'}]",592724.0,96758.84,0.0,0.0,96758.84,False,689482.84,689482.84,paid,0.0,2026-06-03,2026-08-02,INR,2026-06-03T05:30:00+00:00,bu_679432b0,emp_49cb1aa0,0.0
invoice,inv_3aacfb71bf0c,INV-30-0203,cli_88e988f9c7af,Ganga Packaging Ltd,19BHJCG0275L1ZT,"[{'rate': 735, 'amount': 10290, 'item_id': 'itm_6c1940fd1ee9', 'discount': 0, 'gst_rate': 18, 'hsn_code': '9405', 'quantity': 14, 'gst_amount': 1852.2, 'description': 'LED Panel Light 18W'}, {'rate': 303, 'amount': 13635, 'item_id': 'itm_a18dc2e2495a', 'discount': 0, 'gst_rate': 18, 'hsn_code': '9608', 'quantity': 45, 'gst_amount': 2454.3, 'description': 'Ballpoint Pens (Box of 50)'}, {'rate': 1847, 'amount': 11082, 'item_id': 'itm_30b81ebe90bb', 'discount': 0, 'gst_rate': 18, 'hsn_code': '4407', 'quantity': 6, 'gst_amount': 1994.76, 'description': 'Teak Wood Plank'}, {'rate': 45400, 'amount': 45400, 'item_id': None, 'discount': 0, 'gst_rate': 18, 'hsn_code': '9983', 'quantity': 1, 'gst_amount': 8172, 'description': 'Technical support services'}]",80407.0,14473.26,0.0,0.0,14473.26,False,94880.26,94880.26,paid,0.0,2026-06-03,2026-07-03,INR,2026-06-03T05:30:00+00:00,bu_679432b0,emp_fda25f21,0.0
invoice,inv_1e301bd2c68a,INV-30-0202,cli_b260cfe71a21,Sambhav Pharma Distributors Ltd,08LNCCS5810A1ZS,"[{'rate': 1483, 'amount': 34109, 'item_id': 'itm_e458ff1cfc20', 'discount': 0, 'gst_rate': 18, 'hsn_code': '8471', 'quantity': 23, 'gst_amount': 6139.62, 'description': 'Wireless Keyboard and Mouse Combo'}, {'rate': 562, 'amount': 30910, 'item_id': 'itm_c764476f2be1', 'discount': 0, 'gst_rate': 18, 'hsn_code': '2523', 'quantity': 55, 'gst_amount': 5563.8, 'description': 'Portland Cement 50kg Bag'}, {'rate': 1425, 'amount': 29925, 'item_id': 'itm_0cf3f40c0c30', 'discount': 0, 'gst_rate': 5, 'hsn_code': '6403', 'quantity': 21, 'gst_amount': 1496.25, 'description': 'Safety Shoes (Pair)'}, {'rate': 168300, 'amount': 168300, 'item_id': None, 'discount': 0, 'gst_rate': 18, 'hsn_code': '9987', 'quantity': 1, 'gst_amount': 30294, 'description': 'Annual maintenance contract'}]",263244.0,43493.67,0.0,0.0,43493.67,False,306737.67,306737.67,paid,0.0,2026-06-01,2026-07-16,INR,2026-06-01T05:30:00+00:00,bu_aec2e2f9,emp_fda25f21,0.0
invoice,inv_076f5f0dfb27,INV-30-0201,cli_b260cfe71a21,Sambhav Pharma Distributors Ltd,08LNCCS5810A1ZS,"[{'rate': 6346, 'amount': 44422, 'item_id': 'itm_b76a11de0764', 'discount': 0, 'gst_rate': 18, 'hsn_code': '3209', 'quantity': 7, 'gst_amount': 7995.96, 'description': 'Emulsion Paint 20L'}, {'rate': 1910, 'amount': 64940, 'item_id': 'itm_651095a5ff54', 'discount': 0, 'gst_rate': 18, 'hsn_code': '4802', 'quantity': 34, 'gst_amount': 11689.2, 'description': 'A4 Copier Paper 75 GSM (5 reams)'}, {'rate': 3877, 'amount': 104679, 'item_id': 'itm_0504d82b8f09', 'discount': 0, 'gst_rate': 18, 'hsn_code': '8544', 'quantity': 27, 'gst_amount': 18842.22, 'description': 'Copper Wire 2.5 sq mm (90 m coil)'}, {'rate': 384700, 'amount': 384700, 'item_id': None, 'discount': 0, 'gst_rate': 18, 'hsn_code': '9987', 'quantity': 1, 'gst_amount': 69246, 'description': 'Installation and commissioning'}]",598741.0,107773.38,0.0,0.0,107773.38,False,706514.38,706514.38,paid,0.0,2026-05-31,2026-07-15,INR,2026-05-31T05:30:00+00:00,bu_aec2e2f9,emp_fda25f21,0.0
invoice,inv_760d4a4a847f,INV-30-0200,cli_918a7179c0e2,Bharat Textiles Pvt Ltd,36EQPCB6750Q1ZS,"[{'rate': 101.1, 'amount': 30400.77, 'item_id': 'itm_a9b9ad5348a6', 'discount': 940.23, 'gst_rate': 5, 'hsn_code': '6305', 'quantity': 310, 'gst_amount': 1520.04, 'description': 'Jute Shopping Bag'}, {'rate': 269, 'amount': 35747.41, 'item_id': 'itm_40102b7b2ad7', 'discount': 1105.59, 'gst_rate': 5, 'hsn_code': '0910', 'quantity': 137, 'gst_amount': 1787.37, 'description': 'Turmeric Powder'}, {'rate': 1483, 'amount': 10069.57, 'item_id': 'itm_e458ff1cfc20', 'discount': 311.43, 'gst_rate': 18, 'hsn_code': '8471', 'quantity': 7, 'gst_amount': 1812.52, 'description': 'Wireless Keyboard and Mouse Combo'}, {'rate': 106600, 'amount': 106600, 'item_id': None, 'discount': 0, 'gst_rate': 18, 'hsn_code': '9983', 'quantity': 1, 'gst_amount': 19188, 'description': 'Site survey and system design'}]",182817.75,24307.93,12153.97,12153.96,0.0,True,207125.68,207125.68,paid,0.0,2026-05-30,2026-07-14,INR,2026-05-30T05:30:00+00:00,bu_679432b0,emp_54b32704,2357.25
invoice,inv_1b0a3919cb39,INV-30-0199,cli_22e33b634a54,Maruthi Hospitals Pvt Ltd,32GECCM4463F1ZE,"[{'rate': 101.1, 'amount': 90383.4, 'item_id': 'itm_a9b9ad5348a6', 'discount': 0, 'gst_rate': 5, 'hsn_code': '6305', 'quantity': 894, 'gst_amount': 4519.17, 'description': 'Jute Shopping Bag'}]",90383.4,4519.17,0.0,0.0,4519.17,False,94902.57,94902.57,paid,0.0,2026-05-28,2026-07-27,INR,2026-05-28T05:30:00+00:00,bu_679432b0,emp_49cb1aa0,0.0
invoice,inv_0208256c5364,INV-30-0198,cli_2f3cf15b44d9,Dhanlaxmi Realty & Co,36KGFFD3331H1Z5,"[{'rate': 19116, 'amount': 19116, 'item_id': 'itm_27b7335c5f54', 'discount': 0, 'gst_rate': 18, 'hsn_code': '8528', 'quantity': 1, 'gst_amount': 3440.88, 'description': '27 inch LED Monitor'}, {'rate': 26900, 'amount': 26900, 'item_id': None, 'discount': 0, 'gst_rate': 18, 'hsn_code': '9987', 'quantity': 1, 'gst_amount': 4842, 'description': 'Annual maintenance contract'}]",46016.0,8282.88,4141.44,4141.44,0.0,True,54298.88,54298.88,paid,0.0,2026-05-27,2026-06-11,INR,2026-05-27T05:30:00+00:00,bu_96eb82ff,emp_fe83e970,0.0
invoice,inv_318ecfd16799,INV-30-0196,cli_55e95e69d592,Bhagya Logistics Ltd,37HFBCB0018N1ZD,"[{'rate': 4623, 'amount': 36244.32, 'item_id': 'itm_76a0712f9662', 'discount': 739.68, 'gst_rate': 18, 'hsn_code': '8443', 'quantity': 8, 'gst_amount': 6523.98, 'description': 'Printer Toner Cartridge'}, {'rate': 228900, 'amount': 228900, 'item_id': None, 'discount': 0, 'gst_rate': 18, 'hsn_code': '9983', 'quantity': 1, 'gst_amount': 41202, 'description': 'Site survey and system design'}]",265144.32,47725.98,0.0,0.0,47725.98,False,312870.3,312870.3,paid,0.0,2026-05-25,2026-07-09,INR,2026-05-25T05:30:00+00:00,bu_96eb82ff,emp_9a7f9946,739.68
invoice,inv_1cbf41338b0f,INV-30-0197,cli_9503096a978f,Shiva Printers,36NCGPS9474F1ZP,"[{'rate': 1483, 'amount': 17796, 'item_id': 'itm_e458ff1cfc20', 'discount': 0, 'gst_rate': 18, 'hsn_code': '8471', 'quantity': 12, 'gst_amount': 3203.28, 'description': 'Wireless Keyboard and Mouse Combo'}, {'rate': 562, 'amount': 24166, 'item_id': 'itm_c764476f2be1', 'discount': 0, 'gst_rate': 18, 'hsn_code': '2523', 'quantity': 43, 'gst_amount': 4349.88, 'description': 'Portland Cement 50kg Bag'}, {'rate': 1425, 'amount': 19950, 'item_id': 'itm_0cf3f40c0c30', 'discount': 0, 'gst_rate': 5, 'hsn_code': '6403', 'quantity': 14, 'gst_amount': 997.5, 'description': 'Safety Shoes (Pair)'}, {'rate': 99200, 'amount': 99200, 'item_id': None, 'discount': 0, 'gst_rate': 18, 'hsn_code': '9987', 'quantity': 1, 'gst_amount': 17856, 'description': 'Installation and commissioning'}]",161112.0,26406.66,13203.33,13203.33,0.0,True,187518.66,187518.66,paid,0.0,2026-05-25,2026-07-09,INR,2026-05-25T05:30:00+00:00,bu_aec2e2f9,emp_a247f565,0.0
invoice,inv_b52d7f328a72,INV-30-0195,cli_b260cfe71a21,Sambhav Pharma Distributors Ltd,08LNCCS5810A1ZS,"[{'rate': 1425, 'amount': 47025, 'item_id': 'itm_0cf3f40c0c30', 'discount': 0, 'gst_rate': 5, 'hsn_code': '6403', 'quantity': 33, 'gst_amount': 2351.25, 'description': 'Safety Shoes (Pair)'}, {'rate': 1179700, 'amount': 1179700, 'item_id': None, 'discount': 0, 'gst_rate': 18, 'hsn_code': '9983', 'quantity': 1, 'gst_amount': 212346, 'description': 'Technical support services'}]",1226725.0,214697.25,0.0,0.0,214697.25,False,1441422.25,1441422.25,paid,0.0,2026-05-23,2026-07-07,INR,2026-05-23T05:30:00+00:00,bu_aec2e2f9,emp_fda25f21,0.0
invoice,inv_2e2805a52203,INV-30-0194,cli_610e871d6b85,Gomathi Chemicals Ltd,36BCDCG9251F1ZG,"[{'rate': 3655, 'amount': 43860, 'item_id': 'itm_a1ef309705f7', 'discount': 0, 'gst_rate': 18, 'hsn_code': '6802', 'quantity': 12, 'gst_amount': 7894.8, 'description': 'Polished Granite Slab'}]",43860.0,7894.8,3947.4,3947.4,0.0,True,51754.8,51754.8,paid,0.0,2026-05-23,2026-07-07,INR,2026-05-23T05:30:00+00:00,bu_4527dc88,emp_d9139785,0.0
invoice,inv_ca22134566a9,INV-30-0193,cli_56323ed8ae0d,Gomathi Chemicals Ltd (West Bengal),19BCDCG9251F1ZC,"[{'rate': 101.1, 'amount': 25156.21, 'item_id': 'itm_a9b9ad5348a6', 'discount': 2039.69, 'gst_rate': 5, 'hsn_code': '6305', 'quantity': 269, 'gst_amount': 1257.81, 'description': 'Jute Shopping Bag'}, {'rate': 118600, 'amount': 118600, 'item_id': None, 'discount': 0, 'gst_rate': 18, 'hsn_code': '9987', 'quantity': 1, 'gst_amount': 21348, 'description': 'Installation and commissioning'}]",143756.21,22605.81,0.0,0.0,22605.81,False,166362.02,166362.02,paid,0.0,2026-05-21,2026-06-20,INR,2026-05-21T05:30:00+00:00,bu_679432b0,emp_3068e794,2039.69
invoice,inv_f918e8442062,INV-30-0191,cli_259e815910c3,Banerjee Infosolutions Pvt Ltd,23QEHCB4180F1ZB,"[{'rate': 1337, 'amount': 9359, 'item_id': 'itm_65368cd0fa76', 'discount': 0, 'gst_rate': 18, 'hsn_code': '8311', 'quantity': 7, 'gst_amount': 1684.62, 'description': 'Welding Electrode 3.15mm (Box)'}, {'rate': 257, 'amount': 12850, 'item_id': 'itm_f319cb87961e', 'discount': 0, 'gst_rate': 5, 'hsn_code': '5208', 'quantity': 50, 'gst_amount': 642.5, 'description': 'Cotton Shirting Fabric'}, {'rate': 100000, 'amount': 100000, 'item_id': None, 'discount': 0, 'gst_rate': 18, 'hsn_code': '9983', 'quantity': 1, 'gst_amount': 18000, 'description': 'Technical support services'}]",122209.0,20327.12,0.0,0.0,20327.12,False,142536.12,142536.12,paid,0.0,2026-05-19,2026-06-18,INR,2026-05-19T05:30:00+00:00,bu_aec2e2f9,emp_1b4893ec,0.0
invoice,inv_f12bc61274d1,INV-30-0192,cli_918a7179c0e2,Bharat Textiles Pvt Ltd,36EQPCB6750Q1ZS,"[{'rate': 1483, 'amount': 16313, 'item_id': 'itm_e458ff1cfc20', 'discount': 0, 'gst_rate': 18, 'hsn_code': '8471', 'quantity': 11, 'gst_amount': 2936.34, 'description': 'Wireless Keyboard and Mouse Combo'}, {'rate': 562, 'amount': 24728, 'item_id': 'itm_c764476f2be1', 'discount': 0, 'gst_rate': 18, 'hsn_code': '2523', 'quantity': 44, 'gst_amount': 4451.04, 'description': 'Portland Cement 50kg Bag'}]",41041.0,7387.38,3693.69,3693.69,0.0,True,48428.38,48428.38,paid,0.0,2026-05-19,2026-07-03,INR,2026-05-19T05:30:00+00:00,bu_679432b0,emp_54b32704,0.0
invoice,inv_5ea34f81ed15,INV-30-0190,cli_7b15094e33b4,Garuda Granite Exports Private Limited,27QGECG4196M1ZA,"[{'rate': 735, 'amount': 9268.35, 'item_id': 'itm_6c1940fd1ee9', 'discount': 286.65, 'gst_rate': 18, 'hsn_code': '9405', 'quantity': 13, 'gst_amount': 1668.3, 'description': 'LED Panel Light 18W'}, {'rate': 303, 'amount': 3820.83, 'item_id': 'itm_a18dc2e2495a', 'discount': 118.17, 'gst_rate': 18, 'hsn_code': '9608', 'quantity': 13, 'gst_amount': 687.75, 'description': 'Ballpoint Pens (Box of 50)'}, {'rate': 38200, 'amount': 38200, 'item_id': None, 'discount': 0, 'gst_rate': 18, 'hsn_code': '9987', 'quantity': 1, 'gst_amount': 6876, 'description': 'Annual maintenance contract'}]",51289.18,9232.05,0.0,0.0,9232.05,False,60521.23,60521.23,paid,0.0,2026-05-17,2026-06-01,INR,2026-05-17T05:30:00+00:00,bu_4527dc88,emp_1b4893ec,404.82
invoice,inv_560d95d345fa,INV-30-0189,cli_69811b21ffcd,Sunrise Agro Foods Pvt Ltd,24GDPCS7101L1ZS,"[{'rate': 1221, 'amount': 10439.55, 'item_id': 'itm_7fd60d3f6a98', 'discount': 549.45, 'gst_rate': 18, 'hsn_code': '6907', 'quantity': 9, 'gst_amount': 1879.12, 'description': 'Vitrified Floor Tile 600x600'}, {'rate': 287, 'amount': 4907.7, 'item_id': 'itm_147fdb6362e6', 'discount': 258.3, 'gst_rate': 5, 'hsn_code': '6109', 'quantity': 18, 'gst_amount': 245.39, 'description': 'Cotton T-Shirt'}, {'rate': 17800, 'amount': 17800, 'item_id': None, 'discount': 0, 'gst_rate': 18, 'hsn_code': '9987', 'quantity': 1, 'gst_amount': 3204, 'description': 'Installation and commissioning'}]",33147.25,5328.51,0.0,0.0,5328.51,False,38475.76,38475.76,paid,0.0,2026-05-16,2026-05-31,INR,2026-05-16T05:30:00+00:00,bu_4527dc88,emp_49cb1aa0,807.75
invoice,inv_e90dd9c63c84,INV-30-0188,cli_55e95e69d592,Bhagya Logistics Ltd,37HFBCB0018N1ZD,"[{'rate': 735, 'amount': 11907, 'item_id': 'itm_6c1940fd1ee9', 'discount': 1323, 'gst_rate': 18, 'hsn_code': '9405', 'quantity': 18, 'gst_amount': 2143.26, 'description': 'LED Panel Light 18W'}, {'rate': 303, 'amount': 16634.7, 'item_id': 'itm_a18dc2e2495a', 'discount': 1848.3, 'gst_rate': 18, 'hsn_code': '9608', 'quantity': 61, 'gst_amount': 2994.25, 'description': 'Ballpoint Pens (Box of 50)'}, {'rate': 189800, 'amount': 189800, 'item_id': None, 'discount': 0, 'gst_rate': 18, 'hsn_code': '9983', 'quantity': 1, 'gst_amount': 34164, 'description': 'Site survey and system design'}]",218341.7,39301.51,0.0,0.0,39301.51,False,257643.21,257643.21,paid,0.0,2026-05-15,2026-06-29,INR,2026-05-15T05:30:00+00:00,bu_96eb82ff,emp_9a7f9946,3171.3
invoice,inv_c1c1a9d92cf4,INV-30-0187,cli_eed20611fa50,Mehta Spice Traders,36ECCPM1752Q1Z4,"[{'rate': 1425, 'amount': 28500, 'item_id': 'itm_0cf3f40c0c30', 'discount': 0, 'gst_rate': 5, 'hsn_code': '6403', 'quantity': 20, 'gst_amount': 1425, 'description': 'Safety Shoes (Pair)'}, {'rate': 146.2, 'amount': 30848.2, 'item_id': 'itm_54b7677d9eb3', 'discount': 0, 'gst_rate': 5, 'hsn_code': '1006', 'quantity': 211, 'gst_amount': 1542.41, 'description': 'Basmati Rice (Branded, Packed)'}, {'rate': 2575, 'amount': 28325, 'item_id': 'itm_30b1c20ab680', 'discount': 0, 'gst_rate': 18, 'hsn_code': '8414', 'quantity': 11, 'gst_amount': 5098.5, 'description': 'Ceiling Fan 1200mm'}, {'rate': 233800, 'amount': 233800, 'item_id': None, 'discount': 0, 'gst_rate': 18, 'hsn_code': '9983', 'quantity': 1, 'gst_amount': 42084, 'description': 'Technical support services'}]",321473.2,50149.91,25074.96,25074.95,0.0,True,371623.11,371623.11,paid,0.0,2026-05-14,2026-06-13,INR,2026-05-14T05:30:00+00:00,bu_4527dc88,emp_fe83e970,0.0
invoice,inv_643d8cd3b01c,INV-30-0186,cli_8ccf460d8557,Vasantha Hardware Mart & Co,27PDFFV6447J1Z3,"[{'rate': 101.1, 'amount': 20118.9, 'item_id': 'itm_a9b9ad5348a6', 'discount': 0, 'gst_rate': 5, 'hsn_code': '6305', 'quantity': 199, 'gst_amount': 1005.95, 'description': 'Jute Shopping Bag'}]",20118.9,1005.95,0.0,0.0,1005.95,False,21124.85,21124.85,paid,0.0,2026-05-13,2026-06-12,INR,2026-05-13T05:30:00+00:00,bu_96eb82ff,emp_3068e794,0.0
invoice,inv_55444a4aa8b4,INV-30-0185,cli_918a7179c0e2,Bharat Textiles Pvt Ltd,36EQPCB6750Q1ZS,"[{'rate': 101.1, 'amount': 9708.63, 'item_id': 'itm_a9b9ad5348a6', 'discount': 300.27, 'gst_rate': 5, 'hsn_code': '6305', 'quantity': 99, 'gst_amount': 485.43, 'description': 'Jute Shopping Bag'}, {'rate': 269, 'amount': 15133.94, 'item_id': 'itm_40102b7b2ad7', 'discount': 468.06, 'gst_rate': 5, 'hsn_code': '0910', 'quantity': 58, 'gst_amount': 756.7, 'description': 'Turmeric Powder'}, {'rate': 96500, 'amount': 96500, 'item_id': None, 'discount': 0, 'gst_rate': 18, 'hsn_code': '9987', 'quantity': 1, 'gst_amount': 17370, 'description': 'Installation and commissioning'}]",121342.57,18612.13,9306.07,9306.06,0.0,True,139954.7,139954.7,paid,0.0,2026-05-12,2026-06-26,INR,2026-05-12T05:30:00+00:00,bu_679432b0,emp_54b32704,768.33
invoice,inv_6233c2ceb53c,INV-30-0184,cli_b260cfe71a21,Sambhav Pharma Distributors Ltd,08LNCCS5810A1ZS,"[{'rate': 1337, 'amount': 41447, 'item_id': 'itm_65368cd0fa76', 'discount': 0, 'gst_rate': 18, 'hsn_code': '8311', 'quantity': 31, 'gst_amount': 7460.46, 'description': 'Welding Electrode 3.15mm (Box)'}, {'rate': 823600, 'amount': 823600, 'item_id': None, 'discount': 0, 'gst_rate': 18, 'hsn_code': '9983', 'quantity': 1, 'gst_amount': 148248, 'description': 'Site survey and system design'}]",865047.0,155708.46,0.0,0.0,155708.46,False,1020755.46,1020755.46,paid,0.0,2026-05-11,2026-06-25,INR,2026-05-11T05:30:00+00:00,bu_aec2e2f9,emp_fda25f21,0.0
invoice,inv_b36d5b00d41e,INV-30-0183,cli_55e95e69d592,Bhagya Logistics Ltd,37HFBCB0018N1ZD,"[{'rate': 257, 'amount': 9509, 'item_id': 'itm_f319cb87961e', 'discount': 0, 'gst_rate': 5, 'hsn_code': '5208', 'quantity': 37, 'gst_amount': 475.45, 'description': 'Cotton Shirting Fabric'}, {'rate': 545, 'amount': 31610, 'item_id': 'itm_2c96f97e4068', 'discount': 0, 'gst_rate': 18, 'hsn_code': '8536', 'quantity': 58, 'gst_amount': 5689.8, 'description': 'MCB 32A Double Pole'}, {'rate': 57600, 'amount': 57600, 'item_id': None, 'discount': 0, 'gst_rate': 18, 'hsn_code': '9983', 'quantity': 1, 'gst_amount': 10368, 'description': 'Technical support services'}]",98719.0,16533.25,0.0,0.0,16533.25,False,115252.25,115252.25,paid,0.0,2026-05-09,2026-06-23,INR,2026-05-09T05:30:00+00:00,bu_96eb82ff,emp_9a7f9946,0.0
invoice,inv_45e36a863a55,INV-30-0182,cli_eee2cf7d7133,Navaratna Electricals & Co,36JEAFN0901L1Z2,"[{'rate': 229, 'amount': 29541, 'item_id': 'itm_22a1051084c3', 'discount': 0, 'gst_rate': 18, 'hsn_code': '8482', 'quantity': 129, 'gst_amount': 5317.38, 'description': 'Ball Bearing 6205'}]",29541.0,5317.38,2658.69,2658.69,0.0,True,34858.38,34858.38,paid,0.0,2026-05-08,2026-06-22,INR,2026-05-08T05:30:00+00:00,bu_679432b0,emp_971816de,0.0
invoice,inv_d0e48433cef7,INV-30-0181,cli_eee2cf7d7133,Navaratna Electricals & Co,36JEAFN0901L1Z2,"[{'rate': 146.2, 'amount': 20468, 'item_id': 'itm_54b7677d9eb3', 'discount': 0, 'gst_rate': 5, 'hsn_code': '1006', 'quantity': 140, 'gst_amount': 1023.4, 'description': 'Basmati Rice (Branded, Packed)'}, {'rate': 2575, 'amount': 15450, 'item_id': 'itm_30b1c20ab680', 'discount': 0, 'gst_rate': 18, 'hsn_code': '8414', 'quantity': 6, 'gst_amount': 2781, 'description': 'Ceiling Fan 1200mm'}, {'rate': 147.1, 'amount': 10297, 'item_id': 'itm_ae58c717b5d1', 'discount': 0, 'gst_rate': 18, 'hsn_code': '3808', 'quantity': 70, 'gst_amount': 1853.46, 'description': 'Hand Sanitiser'}, {'rate': 60800, 'amount': 60800, 'item_id': None, 'discount': 0, 'gst_rate': 18, 'hsn_code': '9987', 'quantity': 1, 'gst_amount': 10944, 'description': 'Installation and commissioning'}]",107015.0,16601.86,8300.93,8300.93,0.0,True,123616.86,123616.86,paid,0.0,2026-05-06,2026-06-20,INR,2026-05-06T05:30:00+00:00,bu_679432b0,emp_971816de,0.0
invoice,inv_b083e9808bd9,INV-30-0180,cli_9503096a978f,Shiva Printers,36NCGPS9474F1ZP,"[{'rate': 22439, 'amount': 21317.05, 'item_id': 'itm_5a10d4ba17d2', 'discount': 1121.95, 'gst_rate': 5, 'hsn_code': '8541', 'quantity': 1, 'gst_amount': 1065.85, 'description': 'Solar Panel 540W'}]",21317.05,1065.85,532.93,532.92,0.0,True,22382.9,22382.9,paid,0.0,2026-05-06,2026-06-20,INR,2026-05-06T05:30:00+00:00,bu_aec2e2f9,emp_a247f565,1121.95
invoice,inv_5a766c0e521d,INV-30-0179,cli_b260cfe71a21,Sambhav Pharma Distributors Ltd,08LNCCS5810A1ZS,"[{'rate': 3877, 'amount': 42647, 'item_id': 'itm_0504d82b8f09', 'discount': 0, 'gst_rate': 18, 'hsn_code': '8544', 'quantity': 11, 'gst_amount': 7676.46, 'description': 'Copper Wire 2.5 sq mm (90 m coil)'}, {'rate': 9376, 'amount': 93760, 'item_id': 'itm_64aca0f0e78b', 'discount': 0, 'gst_rate': 18, 'hsn_code': '9401', 'quantity': 10, 'gst_amount': 16876.8, 'description': 'Ergonomic Office Chair'}, {'rate': 3655, 'amount': 54825, 'item_id': 'itm_a1ef309705f7', 'discount': 0, 'gst_rate': 18, 'hsn_code': '6802', 'quantity': 15, 'gst_amount': 9868.5, 'description': 'Polished Granite Slab'}, {'rate': 414700, 'amount': 414700, 'item_id': None, 'discount': 0, 'gst_rate': 18, 'hsn_code': '9983', 'quantity': 1, 'gst_amount': 74646, 'description': 'Technical support services'}]",605932.0,109067.76,0.0,0.0,109067.76,False,714999.76,714999.76,paid,0.0,2026-05-04,2026-06-18,INR,2026-05-04T05:30:00+00:00,bu_aec2e2f9,emp_fda25f21,0.0
invoice,inv_fde2c9b3036f,INV-30-0178,cli_610e871d6b85,Gomathi Chemicals Ltd,36BCDCG9251F1ZG,"[{'rate': 229, 'amount': 33319.5, 'item_id': 'itm_22a1051084c3', 'discount': 1030.5, 'gst_rate': 18, 'hsn_code': '8482', 'quantity': 150, 'gst_amount': 5997.51, 'description': 'Ball Bearing 6205'}]",33319.5,5997.51,2998.76,2998.75,0.0,True,39317.01,39317.01,paid,0.0,2026-05-03,2026-06-17,INR,2026-05-03T05:30:00+00:00,bu_4527dc88,emp_d9139785,1030.5
invoice,inv_6a5148225f27,INV-30-0177,cli_8ccf460d8557,Vasantha Hardware Mart & Co,27PDFFV6447J1Z3,"[{'rate': 1847, 'amount': 22164, 'item_id': 'itm_30b81ebe90bb', 'discount': 0, 'gst_rate': 18, 'hsn_code': '4407', 'quantity': 12, 'gst_amount': 3989.52, 'description': 'Teak Wood Plank'}, {'rate': 114700, 'amount': 114700, 'item_id': None, 'discount': 0, 'gst_rate': 18, 'hsn_code': '9987', 'quantity': 1, 'gst_amount': 20646, 'description': 'Installation and commissioning'}]",136864.0,24635.52,0.0,0.0,24635.52,False,161499.52,161499.52,paid,0.0,2026-05-02,2026-06-01,INR,2026-05-02T05:30:00+00:00,bu_96eb82ff,emp_3068e794,0.0
invoice,inv_c3c5a5138ce4,INV-30-0176,cli_56323ed8ae0d,Gomathi Chemicals Ltd (West Bengal),19BCDCG9251F1ZC,"[{'rate': 3877, 'amount': 30085.52, 'item_id': 'itm_0504d82b8f09', 'discount': 930.48, 'gst_rate': 18, 'hsn_code': '8544', 'quantity': 8, 'gst_amount': 5415.39, 'description': 'Copper Wire 2.5 sq mm (90 m coil)'}, {'rate': 9376, 'amount': 18189.44, 'item_id': 'itm_64aca0f0e78b', 'discount': 562.56, 'gst_rate': 18, 'hsn_code': '9401', 'quantity': 2, 'gst_amount': 3274.1, 'description': 'Ergonomic Office Chair'}, {'rate': 3655, 'amount': 28362.8, 'item_id': 'itm_a1ef309705f7', 'discount': 877.2, 'gst_rate': 18, 'hsn_code': '6802', 'quantity': 8, 'gst_amount': 5105.3, 'description': 'Polished Granite Slab'}]",76637.76,13794.79,0.0,0.0,13794.79,False,90432.55,88899.55,overdue,1533.0,2026-05-01,2026-05-31,INR,2026-05-01T05:30:00+00:00,bu_679432b0,emp_3068e794,2370.24
invoice,inv_c09c0bd4f2fa,INV-30-0174,cli_22e33b634a54,Maruthi Hospitals Pvt Ltd,32GECCM4463F1ZE,"[{'rate': 89.3, 'amount': 79477, 'item_id': 'itm_e1438ef8ef3a', 'discount': 0, 'gst_rate': 18, 'hsn_code': '7214', 'quantity': 890, 'gst_amount': 14305.86, 'description': 'Mild Steel TMT Bar 12mm'}, {'rate': 19116, 'amount': 76464, 'item_id': 'itm_27b7335c5f54', 'discount': 0, 'gst_rate': 18, 'hsn_code': '8528', 'quantity': 4, 'gst_amount': 13763.52, 'description': '27 inch LED Monitor'}, {'rate': 1221, 'amount': 73260, 'item_id': 'itm_7fd60d3f6a98', 'discount': 0, 'gst_rate': 18, 'hsn_code': '6907', 'quantity': 60, 'gst_amount': 13186.8, 'description': 'Vitrified Floor Tile 600x600'}, {'rate': 257700, 'amount': 257700, 'item_id': None, 'discount': 0, 'gst_rate': 18, 'hsn_code': '9987', 'quantity': 1, 'gst_amount': 46386, 'description': 'Annual maintenance contract'}]",486901.0,87642.18,0.0,0.0,87642.18,False,574543.18,574543.18,paid,0.0,2026-04-29,2026-06-28,INR,2026-04-29T05:30:00+00:00,bu_679432b0,emp_49cb1aa0,0.0
invoice,inv_b1c8e58f9aa4,INV-30-0175,cli_17beefa6b3c7,BANERJEE INFOSOLUTIONS PVT LTD,23QEHCB4180F1ZB,"[{'rate': 3655, 'amount': 18275, 'item_id': 'itm_a1ef309705f7', 'discount': 0, 'gst_rate': 18, 'hsn_code': '6802', 'quantity': 5, 'gst_amount': 3289.5, 'description': 'Polished Granite Slab'}, {'rate': 101.1, 'amount': 10110, 'item_id': 'itm_a9b9ad5348a6', 'discount': 0, 'gst_rate': 5, 'hsn_code': '6305', 'quantity': 100, 'gst_amount': 505.5, 'description': 'Jute Shopping Bag'}, {'rate': 55500, 'amount': 55500, 'item_id': None, 'discount': 0, 'gst_rate': 18, 'hsn_code': '9983', 'quantity': 1, 'gst_amount': 9990, 'description': 'Technical support services'}]",83885.0,13785.0,0.0,0.0,13785.0,False,97670.0,97670.0,paid,0.0,2026-04-29,2026-05-29,INR,2026-04-29T05:30:00+00:00,bu_96eb82ff,emp_54b32704,0.0
invoice,inv_a1b149c76246,INV-30-0173,cli_eed20611fa50,Mehta Spice Traders,36ECCPM1752Q1Z4,"[{'rate': 229, 'amount': 16259, 'item_id': 'itm_22a1051084c3', 'discount': 0, 'gst_rate': 18, 'hsn_code': '8482', 'quantity': 71, 'gst_amount': 2926.62, 'description': 'Ball Bearing 6205'}, {'rate': 135600, 'amount': 135600, 'item_id': None, 'discount': 0, 'gst_rate': 18, 'hsn_code': '9987', 'quantity': 1, 'gst_amount': 24408, 'description': 'Installation and commissioning'}]",151859.0,27334.62,13667.31,13667.31,0.0,True,179193.62,179193.62,paid,0.0,2026-04-27,2026-05-27,INR,2026-04-27T05:30:00+00:00,bu_4527dc88,emp_fe83e970,0.0
invoice,inv_2aeb0eeb3de0,INV-30-0172,cli_b260cfe71a21,Sambhav Pharma Distributors Ltd,08LNCCS5810A1ZS,"[{'rate': 229, 'amount': 61372, 'item_id': 'itm_22a1051084c3', 'discount': 0, 'gst_rate': 18, 'hsn_code': '8482', 'quantity': 268, 'gst_amount': 11046.96, 'description': 'Ball Bearing 6205'}, {'rate': 51.5, 'amount': 52942, 'item_id': 'itm_22e1b24ec5c5', 'discount': 0, 'gst_rate': 18, 'hsn_code': '4819', 'quantity': 1028, 'gst_amount': 9529.56, 'description': 'Corrugated Shipping Carton 18x12x12'}, {'rate': 735, 'amount': 69090, 'item_id': 'itm_6c1940fd1ee9', 'discount': 0, 'gst_rate': 18, 'hsn_code': '9405', 'quantity': 94, 'gst_amount': 12436.2, 'description': 'LED Panel Light 18W'}, {'rate': 1360600, 'amount': 1360600, 'item_id': None, 'discount': 0, 'gst_rate': 18, 'hsn_code': '9983', 'quantity': 1, 'gst_amount': 244908, 'description': 'Site survey and system design'}]",1544004.0,277920.72,0.0,0.0,277920.72,False,1821924.72,1821924.72,paid,0.0,2026-04-26,2026-06-10,INR,2026-04-26T05:30:00+00:00,bu_aec2e2f9,emp_fda25f21,0.0
invoice,inv_84d38c7bf1ae,INV-30-0171,cli_55e95e69d592,Bhagya Logistics Ltd,37HFBCB0018N1ZD,"[{'rate': 6346, 'amount': 12692, 'item_id': 'itm_b76a11de0764', 'discount': 0, 'gst_rate': 18, 'hsn_code': '3209', 'quantity': 2, 'gst_amount': 2284.56, 'description': 'Emulsion Paint 20L'}, {'rate': 1910, 'amount': 34380, 'item_id': 'itm_651095a5ff54', 'discount': 0, 'gst_rate': 18, 'hsn_code': '4802', 'quantity': 18, 'gst_amount': 6188.4, 'description': 'A4 Copier Paper 75 GSM (5 reams)'}, {'rate': 3877, 'amount': 34893, 'item_id': 'itm_0504d82b8f09', 'discount': 0, 'gst_rate': 18, 'hsn_code': '8544', 'quantity': 9, 'gst_amount': 6280.74, 'description': 'Copper Wire 2.5 sq mm (90 m coil)'}, {'rate': 213000, 'amount': 213000, 'item_id': None, 'discount': 0, 'gst_rate': 18, 'hsn_code': '9983', 'quantity': 1, 'gst_amount': 38340, 'description': 'Technical support services'}]",294965.0,53093.7,0.0,0.0,53093.7,False,348058.7,348058.7,paid,0.0,2026-04-24,2026-06-08,INR,2026-04-24T05:30:00+00:00,bu_96eb82ff,emp_9a7f9946,0.0
invoice,inv_bdb1dcbe879c,INV-30-0170,cli_22e33b634a54,Maruthi Hospitals Pvt Ltd,32GECCM4463F1ZE,"[{'rate': 1847, 'amount': 72033, 'item_id': 'itm_30b81ebe90bb', 'discount': 0, 'gst_rate': 18, 'hsn_code': '4407', 'quantity': 39, 'gst_amount': 12965.94, 'description': 'Teak Wood Plank'}, {'rate': 22439, 'amount': 67317, 'item_id': 'itm_5a10d4ba17d2', 'discount': 0, 'gst_rate': 5, 'hsn_code': '8541', 'quantity': 3, 'gst_amount': 3365.85, 'description': 'Solar Panel 540W'}, {'rate': 89.3, 'amount': 62510, 'item_id': 'itm_e1438ef8ef3a', 'discount': 0, 'gst_rate': 18, 'hsn_code': '7214', 'quantity': 700, 'gst_amount': 11251.8, 'description': 'Mild Steel TMT Bar 12mm'}, {'rate': 120100, 'amount': 120100, 'item_id': None, 'discount': 0, 'gst_rate': 18, 'hsn_code': '9987', 'quantity': 1, 'gst_amount': 21618, 'description': 'Annual maintenance contract'}]",321960.0,49201.59,0.0,0.0,49201.59,False,371161.59,371161.59,paid,0.0,2026-04-23,2026-06-22,INR,2026-04-23T05:30:00+00:00,bu_679432b0,emp_49cb1aa0,0.0
invoice,inv_4f16bb056405,INV-30-0169,cli_b260cfe71a21,Sambhav Pharma Distributors Ltd,08LNCCS5810A1ZS,"[{'rate': 19116, 'amount': 72640.8, 'item_id': 'itm_27b7335c5f54', 'discount': 3823.2, 'gst_rate': 18, 'hsn_code': '8528', 'quantity': 4, 'gst_amount': 13075.34, 'description': '27 inch LED Monitor'}, {'rate': 1221, 'amount': 84676.35, 'item_id': 'itm_7fd60d3f6a98', 'discount': 4456.65, 'gst_rate': 18, 'hsn_code': '6907', 'quantity': 73, 'gst_amount': 15241.74, 'description': 'Vitrified Floor Tile 600x600'}, {'rate': 1394100, 'amount': 1394100, 'item_id': None, 'discount': 0, 'gst_rate': 18, 'hsn_code': '9987', 'quantity': 1, 'gst_amount': 250938, 'description': 'Installation and commissioning'}]",1551417.15,279255.08,0.0,0.0,279255.08,False,1830672.23,1830672.23,paid,0.0,2026-04-22,2026-06-06,INR,2026-04-22T05:30:00+00:00,bu_aec2e2f9,emp_fda25f21,8279.85
invoice,inv_a94cb07ba8d9,INV-30-0168,cli_259e815910c3,Banerjee Infosolutions Pvt Ltd,23QEHCB4180F1ZB,"[{'rate': 9376, 'amount': 25315.2, 'item_id': 'itm_64aca0f0e78b', 'discount': 2812.8, 'gst_rate': 18, 'hsn_code': '9401', 'quantity': 3, 'gst_amount': 4556.74, 'description': 'Ergonomic Office Chair'}, {'rate': 53100, 'amount': 53100, 'item_id': None, 'discount': 0, 'gst_rate': 18, 'hsn_code': '9983', 'quantity': 1, 'gst_amount': 9558, 'description': 'Site survey and system design'}]",78415.2,14114.74,0.0,0.0,14114.74,False,92529.94,92529.94,paid,0.0,2026-04-21,2026-05-21,INR,2026-04-21T05:30:00+00:00,bu_aec2e2f9,emp_1b4893ec,2812.8
invoice,inv_69c81101b407,INV-30-0167,cli_9503096a978f,Shiva Printers,36NCGPS9474F1ZP,"[{'rate': 4623, 'amount': 36984, 'item_id': 'itm_76a0712f9662', 'discount': 0, 'gst_rate': 18, 'hsn_code': '8443', 'quantity': 8, 'gst_amount': 6657.12, 'description': 'Printer Toner Cartridge'}, {'rate': 6346, 'amount': 25384, 'item_id': 'itm_b76a11de0764', 'discount': 0, 'gst_rate': 18, 'hsn_code': '3209', 'quantity': 4, 'gst_amount': 4569.12, 'description': 'Emulsion Paint 20L'}, {'rate': 96000, 'amount': 96000, 'item_id': None, 'discount': 0, 'gst_rate': 18, 'hsn_code': '9983', 'quantity': 1, 'gst_amount': 17280, 'description': 'Technical support services'}]",158368.0,28506.24,14253.12,14253.12,0.0,True,186874.24,186874.24,paid,0.0,2026-04-20,2026-06-04,INR,2026-04-20T05:30:00+00:00,bu_aec2e2f9,emp_a247f565,0.0
invoice,inv_40ec4b7375bc,INV-30-0166,cli_918a7179c0e2,Bharat Textiles Pvt Ltd,36EQPCB6750Q1ZS,"[{'rate': 545, 'amount': 24852, 'item_id': 'itm_2c96f97e4068', 'discount': 1308, 'gst_rate': 18, 'hsn_code': '8536', 'quantity': 48, 'gst_amount': 4473.36, 'description': 'MCB 32A Double Pole'}, {'rate': 4623, 'amount': 21959.25, 'item_id': 'itm_76a0712f9662', 'discount': 1155.75, 'gst_rate': 18, 'hsn_code': '8443', 'quantity': 5, 'gst_amount': 3952.67, 'description': 'Printer Toner Cartridge'}, {'rate': 49500, 'amount': 49500, 'item_id': None, 'discount': 0, 'gst_rate': 18, 'hsn_code': '9987', 'quantity': 1, 'gst_amount': 8910, 'description': 'Annual maintenance contract'}]",96311.25,17336.03,8668.02,8668.01,0.0,True,113647.28,113647.28,paid,0.0,2026-04-19,2026-06-03,INR,2026-04-19T05:30:00+00:00,bu_679432b0,emp_54b32704,2463.75
invoice,inv_faa152278e6d,INV-30-0165,cli_8dbe5b435cf4,Garuda Granite Exports Pvt Ltd,27QGECG4196M1ZA,"[{'rate': 4623, 'amount': 9246, 'item_id': 'itm_76a0712f9662', 'discount': 0, 'gst_rate': 18, 'hsn_code': '8443', 'quantity': 2, 'gst_amount': 1664.28, 'description': 'Printer Toner Cartridge'}, {'rate': 6346, 'amount': 6346, 'item_id': 'itm_b76a11de0764', 'discount': 0, 'gst_rate': 18, 'hsn_code': '3209', 'quantity': 1, 'gst_amount': 1142.28, 'description': 'Emulsion Paint 20L'}, {'rate': 1910, 'amount': 13370, 'item_id': 'itm_651095a5ff54', 'discount': 0, 'gst_rate': 18, 'hsn_code': '4802', 'quantity': 7, 'gst_amount': 2406.6, 'description': 'A4 Copier Paper 75 GSM (5 reams)'}, {'rate': 25700, 'amount': 25700, 'item_id': None, 'discount': 0, 'gst_rate': 18, 'hsn_code': '9987', 'quantity': 1, 'gst_amount': 4626, 'description': 'Installation and commissioning'}]",54662.0,9839.16,0.0,0.0,9839.16,False,64501.16,64501.16,paid,0.0,2026-04-17,2026-05-02,INR,2026-04-17T05:30:00+00:00,bu_96eb82ff,emp_49cb1aa0,0.0
invoice,inv_67a5a988eb8c,INV-30-0164,cli_b260cfe71a21,Sambhav Pharma Distributors Ltd,08LNCCS5810A1ZS,"[{'rate': 3877, 'amount': 46524, 'item_id': 'itm_0504d82b8f09', 'discount': 0, 'gst_rate': 18, 'hsn_code': '8544', 'quantity': 12, 'gst_amount': 8374.32, 'description': 'Copper Wire 2.5 sq mm (90 m coil)'}]",46524.0,8374.32,0.0,0.0,8374.32,False,54898.32,54898.32,paid,0.0,2026-04-16,2026-05-31,INR,2026-04-16T05:30:00+00:00,bu_aec2e2f9,emp_fda25f21,0.0
invoice,inv_9d5fc613229a,INV-30-0163,cli_9560b405511e,Janata Educational Society LLP,29HGGFJ5164C1ZV,"[{'rate': 269, 'amount': 29361.35, 'item_id': 'itm_40102b7b2ad7', 'discount': 2380.65, 'gst_rate': 5, 'hsn_code': '0910', 'quantity': 118, 'gst_amount': 1468.07, 'description': 'Turmeric Powder'}, {'rate': 1483, 'amount': 24691.95, 'item_id': 'itm_e458ff1cfc20', 'discount': 2002.05, 'gst_rate': 18, 'hsn_code': '8471', 'quantity': 18, 'gst_amount': 4444.55, 'description': 'Wireless Keyboard and Mouse Combo'}, {'rate': 562, 'amount': 26512.35, 'item_id': 'itm_c764476f2be1', 'discount': 2149.65, 'gst_rate': 18, 'hsn_code': '2523', 'quantity': 51, 'gst_amount': 4772.22, 'description': 'Portland Cement 50kg Bag'}, {'rate': 67800, 'amount': 67800, 'item_id': None, 'discount': 0, 'gst_rate': 18, 'hsn_code': '9983', 'quantity': 1, 'gst_amount': 12204, 'description': 'Technical support services'}]",148365.65,22888.84,0.0,0.0,22888.84,False,171254.49,171254.49,paid,0.0,2026-04-15,2026-05-30,INR,2026-04-15T05:30:00+00:00,bu_4527dc88,emp_2b8f0f79,6532.35
invoice,inv_4bfb49815001,INV-30-0161,cli_b260cfe71a21,Sambhav Pharma Distributors Ltd,08LNCCS5810A1ZS,"[{'rate': 19116, 'amount': 95580, 'item_id': 'itm_27b7335c5f54', 'discount': 0, 'gst_rate': 18, 'hsn_code': '8528', 'quantity': 5, 'gst_amount': 17204.4, 'description': '27 inch LED Monitor'}, {'rate': 138100, 'amount': 138100, 'item_id': None, 'discount': 0, 'gst_rate': 18, 'hsn_code': '9987', 'quantity': 1, 'gst_amount': 24858, 'description': 'Installation and commissioning'}]",233680.0,42062.4,0.0,0.0,42062.4,False,275742.4,275742.4,paid,0.0,2026-04-13,2026-05-28,INR,2026-04-13T05:30:00+00:00,bu_aec2e2f9,emp_fda25f21,0.0
invoice,inv_0c734c548a5e,INV-30-0162,cli_8ccf460d8557,Vasantha Hardware Mart & Co,27PDFFV6447J1Z3,"[{'rate': 562, 'amount': 16860, 'item_id': 'itm_c764476f2be1', 'discount': 0, 'gst_rate': 18, 'hsn_code': '2523', 'quantity': 30, 'gst_amount': 3034.8, 'description': 'Portland Cement 50kg Bag'}]",16860.0,3034.8,0.0,0.0,3034.8,False,19894.8,19894.8,paid,0.0,2026-04-13,2026-05-13,INR,2026-04-13T05:30:00+00:00,bu_96eb82ff,emp_3068e794,0.0
invoice,inv_9986681cbb74,INV-30-0160,cli_b260cfe71a21,Sambhav Pharma Distributors Ltd,08LNCCS5810A1ZS,"[{'rate': 51.5, 'amount': 54899, 'item_id': 'itm_22e1b24ec5c5', 'discount': 0, 'gst_rate': 18, 'hsn_code': '4819', 'quantity': 1066, 'gst_amount': 9881.82, 'description': 'Corrugated Shipping Carton 18x12x12'}, {'rate': 735, 'amount': 77175, 'item_id': 'itm_6c1940fd1ee9', 'discount': 0, 'gst_rate': 18, 'hsn_code': '9405', 'quantity': 105, 'gst_amount': 13891.5, 'description': 'LED Panel Light 18W'}, {'rate': 471100, 'amount': 471100, 'item_id': None, 'discount': 0, 'gst_rate': 18, 'hsn_code': '9983', 'quantity': 1, 'gst_amount': 84798, 'description': 'Site survey and system design'}]",603174.0,108571.32,0.0,0.0,108571.32,False,711745.32,711745.32,paid,0.0,2026-04-11,2026-05-26,INR,2026-04-11T05:30:00+00:00,bu_aec2e2f9,emp_fda25f21,0.0
invoice,inv_646bcd4c951d,INV-30-0159,cli_75113f1f721f,Swastik Furnishings Pvt Ltd,03MDECS4025R1ZO,"[{'rate': 269, 'amount': 10491, 'item_id': 'itm_40102b7b2ad7', 'discount': 0, 'gst_rate': 5, 'hsn_code': '0910', 'quantity': 39, 'gst_amount': 524.55, 'description': 'Turmeric Powder'}, {'rate': 28100, 'amount': 28100, 'item_id': None, 'discount': 0, 'gst_rate': 18, 'hsn_code': '9983', 'quantity': 1, 'gst_amount': 5058, 'description': 'Technical support services'}]",38591.0,5582.55,0.0,0.0,5582.55,False,44173.55,0.0,overdue,44173.55,2026-04-10,2026-05-10,INR,2026-04-10T05:30:00+00:00,bu_aec2e2f9,emp_9a7f9946,0.0
invoice,inv_cb1f896415a7,INV-30-0158,cli_22e33b634a54,Maruthi Hospitals Pvt Ltd,32GECCM4463F1ZE,"[{'rate': 287, 'amount': 67674.6, 'item_id': 'itm_147fdb6362e6', 'discount': 7519.4, 'gst_rate': 5, 'hsn_code': '6109', 'quantity': 262, 'gst_amount': 3383.73, 'description': 'Cotton T-Shirt'}, {'rate': 206, 'amount': 72306, 'item_id': 'itm_c8a85059b0ed', 'discount': 8034, 'gst_rate': 5, 'hsn_code': '1512', 'quantity': 390, 'gst_amount': 3615.3, 'description': 'Refined Sunflower Oil'}, {'rate': 126900, 'amount': 126900, 'item_id': None, 'discount': 0, 'gst_rate': 18, 'hsn_code': '9987', 'quantity': 1, 'gst_amount': 22842, 'description': 'Annual maintenance contract'}]",266880.6,29841.03,0.0,0.0,29841.03,False,296721.63,296721.63,paid,0.0,2026-04-09,2026-06-08,INR,2026-04-09T05:30:00+00:00,bu_679432b0,emp_49cb1aa0,15553.4
invoice,inv_a924c4e996d0,INV-30-0157,cli_9503096a978f,Shiva Printers,36NCGPS9474F1ZP,"[{'rate': 1337, 'amount': 21024.32, 'item_id': 'itm_65368cd0fa76', 'discount': 1704.68, 'gst_rate': 18, 'hsn_code': '8311', 'quantity': 17, 'gst_amount': 3784.38, 'description': 'Welding Electrode 3.15mm (Box)'}, {'rate': 257, 'amount': 33519.22, 'item_id': 'itm_f319cb87961e', 'discount': 2717.78, 'gst_rate': 5, 'hsn_code': '5208', 'quantity': 141, 'gst_amount': 1675.96, 'description': 'Cotton Shirting Fabric'}, {'rate': 105900, 'amount': 105900, 'item_id': None, 'discount': 0, 'gst_rate': 18, 'hsn_code': '9987', 'quantity': 1, 'gst_amount': 19062, 'description': 'Installation and commissioning'}]",160443.54,24522.34,12261.17,12261.17,0.0,True,184965.88,184965.88,paid,0.0,2026-04-07,2026-05-22,INR,2026-04-07T05:30:00+00:00,bu_aec2e2f9,emp_a247f565,4422.46
invoice,inv_677bdd3a4b8b,INV-30-0156,cli_b260cfe71a21,Sambhav Pharma Distributors Ltd,08LNCCS5810A1ZS,"[{'rate': 1221, 'amount': 81807, 'item_id': 'itm_7fd60d3f6a98', 'discount': 0, 'gst_rate': 18, 'hsn_code': '6907', 'quantity': 67, 'gst_amount': 14725.26, 'description': 'Vitrified Floor Tile 600x600'}, {'rate': 863200, 'amount': 863200, 'item_id': None, 'discount': 0, 'gst_rate': 18, 'hsn_code': '9983', 'quantity': 1, 'gst_amount': 155376, 'description': 'Site survey and system design'}]",945007.0,170101.26,0.0,0.0,170101.26,False,1115108.26,1115108.26,paid,0.0,2026-04-06,2026-05-21,INR,2026-04-06T05:30:00+00:00,bu_aec2e2f9,emp_fda25f21,0.0
invoice,inv_ca185971b28a,INV-30-0155,cli_610e871d6b85,Gomathi Chemicals Ltd,36BCDCG9251F1ZG,"[{'rate': 303, 'amount': 33027, 'item_id': 'itm_a18dc2e2495a', 'discount': 0, 'gst_rate': 18, 'hsn_code': '9608', 'quantity': 109, 'gst_amount': 5944.86, 'description': 'Ballpoint Pens (Box of 50)'}, {'rate': 1847, 'amount': 86809, 'item_id': 'itm_30b81ebe90bb', 'discount': 0, 'gst_rate': 18, 'hsn_code': '4407', 'quantity': 47, 'gst_amount': 15625.62, 'description': 'Teak Wood Plank'}, {'rate': 362600, 'amount': 362600, 'item_id': None, 'discount': 0, 'gst_rate': 18, 'hsn_code': '9983', 'quantity': 1, 'gst_amount': 65268, 'description': 'Technical support services'}]",482436.0,86838.48,43419.24,43419.24,0.0,True,569274.48,569274.48,paid,0.0,2026-04-05,2026-05-20,INR,2026-04-05T05:30:00+00:00,bu_4527dc88,emp_d9139785,0.0
invoice,inv_90f0b2f90f40,INV-30-0154,cli_75113f1f721f,Swastik Furnishings Pvt Ltd,03MDECS4025R1ZO,"[{'rate': 9376, 'amount': 18752, 'item_id': 'itm_64aca0f0e78b', 'discount': 0, 'gst_rate': 18, 'hsn_code': '9401', 'quantity': 2, 'gst_amount': 3375.36, 'description': 'Ergonomic Office Chair'}, {'rate': 3655, 'amount': 10965, 'item_id': 'itm_a1ef309705f7', 'discount': 0, 'gst_rate': 18, 'hsn_code': '6802', 'quantity': 3, 'gst_amount': 1973.7, 'description': 'Polished Granite Slab'}, {'rate': 24900, 'amount': 24900, 'item_id': None, 'discount': 0, 'gst_rate': 18, 'hsn_code': '9987', 'quantity': 1, 'gst_amount': 4482, 'description': 'Annual maintenance contract'}]",54617.0,9831.06,0.0,0.0,9831.06,False,64448.06,64448.06,paid,0.0,2026-04-04,2026-05-04,INR,2026-04-04T05:30:00+00:00,bu_aec2e2f9,emp_9a7f9946,0.0
invoice,inv_29194df9e9b8,INV-30-0153,cli_9560b405511e,Janata Educational Society LLP,29HGGFJ5164C1ZV,"[{'rate': 562, 'amount': 14050, 'item_id': 'itm_c764476f2be1', 'discount': 0, 'gst_rate': 18, 'hsn_code': '2523', 'quantity': 25, 'gst_amount': 2529, 'description': 'Portland Cement 50kg Bag'}, {'rate': 400700, 'amount': 400700, 'item_id': None, 'discount': 0, 'gst_rate': 18, 'hsn_code': '9987', 'quantity': 1, 'gst_amount': 72126, 'description': 'Installation and commissioning'}]",414750.0,74655.0,0.0,0.0,74655.0,False,489405.0,489405.0,paid,0.0,2026-04-03,2026-05-18,INR,2026-04-03T05:30:00+00:00,bu_4527dc88,emp_2b8f0f79,0.0
invoice,inv_9c31d51abbc8,INV-30-0152,cli_8ccf460d8557,Vasantha Hardware Mart & Co,27PDFFV6447J1Z3,"[{'rate': 9376, 'amount': 18752, 'item_id': 'itm_64aca0f0e78b', 'discount': 0, 'gst_rate': 18, 'hsn_code': '9401', 'quantity': 2, 'gst_amount': 3375.36, 'description': 'Ergonomic Office Chair'}, {'rate': 3655, 'amount': 14620, 'item_id': 'itm_a1ef309705f7', 'discount': 0, 'gst_rate': 18, 'hsn_code': '6802', 'quantity': 4, 'gst_amount': 2631.6, 'description': 'Polished Granite Slab'}, {'rate': 101.1, 'amount': 28308, 'item_id': 'itm_a9b9ad5348a6', 'discount': 0, 'gst_rate': 5, 'hsn_code': '6305', 'quantity': 280, 'gst_amount': 1415.4, 'description': 'Jute Shopping Bag'}, {'rate': 110300, 'amount': 110300, 'item_id': None, 'discount': 0, 'gst_rate': 18, 'hsn_code': '9983', 'quantity': 1, 'gst_amount': 19854, 'description': 'Site survey and system design'}]",171980.0,27276.36,0.0,0.0,27276.36,False,199256.36,199256.36,paid,0.0,2026-04-01,2026-05-01,INR,2026-04-01T05:30:00+00:00,bu_96eb82ff,emp_3068e794,0.0
invoice,inv_97790c6ec129,INV-30-0151,cli_918a7179c0e2,Bharat Textiles Pvt Ltd,36EQPCB6750Q1ZS,"[{'rate': 545, 'amount': 23980, 'item_id': 'itm_2c96f97e4068', 'discount': 0, 'gst_rate': 18, 'hsn_code': '8536', 'quantity': 44, 'gst_amount': 4316.4, 'description': 'MCB 32A Double Pole'}, {'rate': 44300, 'amount': 44300, 'item_id': None, 'discount': 0, 'gst_rate': 18, 'hsn_code': '9983', 'quantity': 1, 'gst_amount': 7974, 'description': 'Technical support services'}]",68280.0,12290.4,6145.2,6145.2,0.0,True,80570.4,80570.4,paid,0.0,2026-04-01,2026-05-16,INR,2026-04-01T05:30:00+00:00,bu_679432b0,emp_54b32704,0.0
invoice,inv_9e6524c8441b,INV-30-0150,cli_17beefa6b3c7,BANERJEE INFOSOLUTIONS PVT LTD,23QEHCB4180F1ZB,"[{'rate': 269, 'amount': 28783, 'item_id': 'itm_40102b7b2ad7', 'discount': 0, 'gst_rate': 5, 'hsn_code': '0910', 'quantity': 107, 'gst_amount': 1439.15, 'description': 'Turmeric Powder'}, {'rate': 100600, 'amount': 100600, 'item_id': None, 'discount': 0, 'gst_rate': 18, 'hsn_code': '9987', 'quantity': 1, 'gst_amount': 18108, 'description': 'Annual maintenance contract'}]",129383.0,19547.15,0.0,0.0,19547.15,False,148930.15,148930.15,paid,0.0,2026-03-30,2026-04-29,INR,2026-03-30T05:30:00+00:00,bu_96eb82ff,emp_54b32704,0.0
invoice,inv_b6ad8668f271,INV-30-0149,cli_d40e9f0634bb,Everest Plastics & Co,37PDBFE2118A1ZN,"[{'rate': 229, 'amount': 9389, 'item_id': 'itm_22a1051084c3', 'discount': 0, 'gst_rate': 18, 'hsn_code': '8482', 'quantity': 41, 'gst_amount': 1690.02, 'description': 'Ball Bearing 6205'}, {'rate': 61800, 'amount': 61800, 'item_id': None, 'discount': 0, 'gst_rate': 18, 'hsn_code': '9987', 'quantity': 1, 'gst_amount': 11124, 'description': 'Installation and commissioning'}]",71189.0,12814.02,0.0,0.0,12814.02,False,84003.02,84003.02,paid,0.0,2026-03-28,2026-04-27,INR,2026-03-28T05:30:00+00:00,bu_679432b0,emp_a247f565,0.0
invoice,inv_a98fe56285c9,INV-30-0148,cli_7b15094e33b4,Garuda Granite Exports Private Limited,27QGECG4196M1ZA,"[{'rate': 1483, 'amount': 5932, 'item_id': 'itm_e458ff1cfc20', 'discount': 0, 'gst_rate': 18, 'hsn_code': '8471', 'quantity': 4, 'gst_amount': 1067.76, 'description': 'Wireless Keyboard and Mouse Combo'}, {'rate': 125100, 'amount': 125100, 'item_id': None, 'discount': 0, 'gst_rate': 18, 'hsn_code': '9983', 'quantity': 1, 'gst_amount': 22518, 'description': 'Site survey and system design'}]",131032.0,23585.76,0.0,0.0,23585.76,False,154617.76,154617.76,paid,0.0,2026-03-27,2026-04-11,INR,2026-03-27T05:30:00+00:00,bu_4527dc88,emp_1b4893ec,0.0
invoice,inv_18361e077a21,INV-30-0147,cli_b260cfe71a21,Sambhav Pharma Distributors Ltd,08LNCCS5810A1ZS,"[{'rate': 3877, 'amount': 93048, 'item_id': 'itm_0504d82b8f09', 'discount': 0, 'gst_rate': 18, 'hsn_code': '8544', 'quantity': 24, 'gst_amount': 16748.64, 'description': 'Copper Wire 2.5 sq mm (90 m coil)'}, {'rate': 178900, 'amount': 178900, 'item_id': None, 'discount': 0, 'gst_rate': 18, 'hsn_code': '9983', 'quantity': 1, 'gst_amount': 32202, 'description': 'Technical support services'}]",271948.0,48950.64,0.0,0.0,48950.64,False,320898.64,320898.64,paid,0.0,2026-03-26,2026-05-10,INR,2026-03-26T05:30:00+00:00,bu_aec2e2f9,emp_fda25f21,0.0
invoice,inv_d08fcaa581f9,INV-30-0146,cli_259e815910c3,Banerjee Infosolutions Pvt Ltd,23QEHCB4180F1ZB,"[{'rate': 257, 'amount': 30326, 'item_id': 'itm_f319cb87961e', 'discount': 0, 'gst_rate': 5, 'hsn_code': '5208', 'quantity': 118, 'gst_amount': 1516.3, 'description': 'Cotton Shirting Fabric'}, {'rate': 545, 'amount': 12535, 'item_id': 'itm_2c96f97e4068', 'discount': 0, 'gst_rate': 18, 'hsn_code': '8536', 'quantity': 23, 'gst_amount': 2256.3, 'description': 'MCB 32A Double Pole'}, {'rate': 4623, 'amount': 9246, 'item_id': 'itm_76a0712f9662', 'discount': 0, 'gst_rate': 18, 'hsn_code': '8443', 'quantity': 2, 'gst_amount': 1664.28, 'description': 'Printer Toner Cartridge'}, {'rate': 201000, 'amount': 201000, 'item_id': None, 'discount': 0, 'gst_rate': 18, 'hsn_code': '9987', 'quantity': 1, 'gst_amount': 36180, 'description': 'Annual maintenance contract'}]",253107.0,41616.88,0.0,0.0,41616.88,False,294723.88,294723.88,paid,0.0,2026-03-25,2026-04-24,INR,2026-03-25T05:30:00+00:00,bu_aec2e2f9,emp_1b4893ec,0.0
invoice,inv_fb09c79c9fa8,INV-30-0145,cli_2f3cf15b44d9,Dhanlaxmi Realty & Co,36KGFFD3331H1Z5,"[{'rate': 303, 'amount': 14544, 'item_id': 'itm_a18dc2e2495a', 'discount': 0, 'gst_rate': 18, 'hsn_code': '9608', 'quantity': 48, 'gst_amount': 2617.92, 'description': 'Ballpoint Pens (Box of 50)'}, {'rate': 1847, 'amount': 5541, 'item_id': 'itm_30b81ebe90bb', 'discount': 0, 'gst_rate': 18, 'hsn_code': '4407', 'quantity': 3, 'gst_amount': 997.38, 'description': 'Teak Wood Plank'}, {'rate': 39500, 'amount': 39500, 'item_id': None, 'discount': 0, 'gst_rate': 18, 'hsn_code': '9987', 'quantity': 1, 'gst_amount': 7110, 'description': 'Installation and commissioning'}]",59585.0,10725.3,5362.65,5362.65,0.0,True,70310.3,70310.3,paid,0.0,2026-03-24,2026-04-08,INR,2026-03-24T05:30:00+00:00,bu_96eb82ff,emp_fe83e970,0.0
invoice,inv_f697d2c4abf0,INV-30-0144,cli_2f3cf15b44d9,Dhanlaxmi Realty & Co,36KGFFD3331H1Z5,"[{'rate': 229, 'amount': 10305, 'item_id': 'itm_22a1051084c3', 'discount': 0, 'gst_rate': 18, 'hsn_code': '8482', 'quantity': 45, 'gst_amount': 1854.9, 'description': 'Ball Bearing 6205'}, {'rate': 51.5, 'amount': 12205.5, 'item_id': 'itm_22e1b24ec5c5', 'discount': 0, 'gst_rate': 18, 'hsn_code': '4819', 'quantity': 237, 'gst_amount': 2196.99, 'description': 'Corrugated Shipping Carton 18x12x12'}, {'rate': 37000, 'amount': 37000, 'item_id': None, 'discount': 0, 'gst_rate': 18, 'hsn_code': '9983', 'quantity': 1, 'gst_amount': 6660, 'description': 'Site survey and system design'}]",59510.5,10711.89,5355.95,5355.94,0.0,True,70222.39,70222.39,paid,0.0,2026-03-22,2026-04-06,INR,2026-03-22T05:30:00+00:00,bu_96eb82ff,emp_fe83e970,0.0
invoice,inv_b24ec993ece0,INV-30-0143,cli_918a7179c0e2,Bharat Textiles Pvt Ltd,36EQPCB6750Q1ZS,"[{'rate': 101.1, 'amount': 23580.56, 'item_id': 'itm_a9b9ad5348a6', 'discount': 481.24, 'gst_rate': 5, 'hsn_code': '6305', 'quantity': 238, 'gst_amount': 1179.03, 'description': 'Jute Shopping Bag'}, {'rate': 269, 'amount': 19771.5, 'item_id': 'itm_40102b7b2ad7', 'discount': 403.5, 'gst_rate': 5, 'hsn_code': '0910', 'quantity': 75, 'gst_amount': 988.58, 'description': 'Turmeric Powder'}, {'rate': 1483, 'amount': 30520.14, 'item_id': 'itm_e458ff1cfc20', 'discount': 622.86, 'gst_rate': 18, 'hsn_code': '8471', 'quantity': 21, 'gst_amount': 5493.63, 'description': 'Wireless Keyboard and Mouse Combo'}, {'rate': 150100, 'amount': 150100, 'item_id': None, 'discount': 0, 'gst_rate': 18, 'hsn_code': '9983', 'quantity': 1, 'gst_amount': 27018, 'description': 'Technical support services'}]",223972.2,34679.24,17339.62,17339.62,0.0,True,258651.44,258651.44,paid,0.0,2026-03-21,2026-05-05,INR,2026-03-21T05:30:00+00:00,bu_679432b0,emp_54b32704,1507.6
invoice,inv_ecc85075637e,INV-30-0142,cli_b260cfe71a21,Sambhav Pharma Distributors Ltd,08LNCCS5810A1ZS,"[{'rate': 269, 'amount': 87963, 'item_id': 'itm_40102b7b2ad7', 'discount': 0, 'gst_rate': 5, 'hsn_code': '0910', 'quantity': 327, 'gst_amount': 4398.15, 'description': 'Turmeric Powder'}, {'rate': 546600, 'amount': 546600, 'item_id': None, 'discount': 0, 'gst_rate': 18, 'hsn_code': '9987', 'quantity': 1, 'gst_amount': 98388, 'description': 'Annual maintenance contract'}]",634563.0,102786.15,0.0,0.0,102786.15,False,737349.15,737349.15,paid,0.0,2026-03-20,2026-05-04,INR,2026-03-20T05:30:00+00:00,bu_aec2e2f9,emp_fda25f21,0.0
invoice,inv_b209a2b93fa6,INV-30-0140,cli_22e33b634a54,Maruthi Hospitals Pvt Ltd,32GECCM4463F1ZE,"[{'rate': 101.1, 'amount': 65108.4, 'item_id': 'itm_a9b9ad5348a6', 'discount': 0, 'gst_rate': 5, 'hsn_code': '6305', 'quantity': 644, 'gst_amount': 3255.42, 'description': 'Jute Shopping Bag'}, {'rate': 269, 'amount': 38736, 'item_id': 'itm_40102b7b2ad7', 'discount': 0, 'gst_rate': 5, 'hsn_code': '0910', 'quantity': 144, 'gst_amount': 1936.8, 'description': 'Turmeric Powder'}, {'rate': 1483, 'amount': 87497, 'item_id': 'itm_e458ff1cfc20', 'discount': 0, 'gst_rate': 18, 'hsn_code': '8471', 'quantity': 59, 'gst_amount': 15749.46, 'description': 'Wireless Keyboard and Mouse Combo'}, {'rate': 841200, 'amount': 841200, 'item_id': None, 'discount': 0, 'gst_rate': 18, 'hsn_code': '9983', 'quantity': 1, 'gst_amount': 151416, 'description': 'Site survey and system design'}]",1032541.4,172357.68,0.0,0.0,172357.68,False,1204899.08,1204899.08,paid,0.0,2026-03-18,2026-05-17,INR,2026-03-18T05:30:00+00:00,bu_679432b0,emp_49cb1aa0,0.0
invoice,inv_a44d792b7d50,INV-30-0141,cli_7b15094e33b4,Garuda Granite Exports Private Limited,27QGECG4196M1ZA,"[{'rate': 269, 'amount': 11567, 'item_id': 'itm_40102b7b2ad7', 'discount': 0, 'gst_rate': 5, 'hsn_code': '0910', 'quantity': 43, 'gst_amount': 578.35, 'description': 'Turmeric Powder'}, {'rate': 1483, 'amount': 11864, 'item_id': 'itm_e458ff1cfc20', 'discount': 0, 'gst_rate': 18, 'hsn_code': '8471', 'quantity': 8, 'gst_amount': 2135.52, 'description': 'Wireless Keyboard and Mouse Combo'}, {'rate': 562, 'amount': 8992, 'item_id': 'itm_c764476f2be1', 'discount': 0, 'gst_rate': 18, 'hsn_code': '2523', 'quantity': 16, 'gst_amount': 1618.56, 'description': 'Portland Cement 50kg Bag'}, {'rate': 38000, 'amount': 38000, 'item_id': None, 'discount': 0, 'gst_rate': 18, 'hsn_code': '9987', 'quantity': 1, 'gst_amount': 6840, 'description': 'Installation and commissioning'}]",70423.0,11172.43,0.0,0.0,11172.43,False,81595.43,81595.43,paid,0.0,2026-03-18,2026-04-02,INR,2026-03-18T05:30:00+00:00,bu_4527dc88,emp_1b4893ec,0.0
invoice,inv_a010ba3ddea3,INV-30-0139,cli_b13f0057873b,Vaibhav Pharma Distributors LLP,,"[{'rate': 545, 'amount': 8011.5, 'item_id': 'itm_2c96f97e4068', 'discount': 163.5, 'gst_rate': 18, 'hsn_code': '8536', 'quantity': 15, 'gst_amount': 1442.07, 'description': 'MCB 32A Double Pole'}, {'rate': 4623, 'amount': 13591.62, 'item_id': 'itm_76a0712f9662', 'discount': 277.38, 'gst_rate': 18, 'hsn_code': '8443', 'quantity': 3, 'gst_amount': 2446.49, 'description': 'Printer Toner Cartridge'}]",21603.12,3888.56,0.0,0.0,3888.56,False,25491.68,25491.68,paid,0.0,2026-03-16,2026-04-15,INR,2026-03-16T05:30:00+00:00,bu_aec2e2f9,emp_fe83e970,440.88
invoice,inv_1768949392b1,INV-30-0138,cli_56323ed8ae0d,Gomathi Chemicals Ltd (West Bengal),19BCDCG9251F1ZC,"[{'rate': 257, 'amount': 32906.28, 'item_id': 'itm_f319cb87961e', 'discount': 1017.72, 'gst_rate': 5, 'hsn_code': '5208', 'quantity': 132, 'gst_amount': 1645.31, 'description': 'Cotton Shirting Fabric'}, {'rate': 135300, 'amount': 135300, 'item_id': None, 'discount': 0, 'gst_rate': 18, 'hsn_code': '9987', 'quantity': 1, 'gst_amount': 24354, 'description': 'Annual maintenance contract'}]",168206.28,25999.31,0.0,0.0,25999.31,False,194205.59,194205.59,paid,0.0,2026-03-15,2026-04-14,INR,2026-03-15T05:30:00+00:00,bu_679432b0,emp_3068e794,1017.72
invoice,inv_95b7de9b021b,INV-30-0137,cli_1bd9a5a8a774,Prabhat Poultry Feeds Pvt Ltd,06JCHCP1403D1ZO,"[{'rate': 1910, 'amount': 5730, 'item_id': 'itm_651095a5ff54', 'discount': 0, 'gst_rate': 18, 'hsn_code': '4802', 'quantity': 3, 'gst_amount': 1031.4, 'description': 'A4 Copier Paper 75 GSM (5 reams)'}, {'rate': 3877, 'amount': 3877, 'item_id': 'itm_0504d82b8f09', 'discount': 0, 'gst_rate': 18, 'hsn_code': '8544', 'quantity': 1, 'gst_amount': 697.86, 'description': 'Copper Wire 2.5 sq mm (90 m coil)'}]",9607.0,1729.26,0.0,0.0,1729.26,False,11336.26,11336.26,paid,0.0,2026-03-14,2026-03-29,INR,2026-03-14T05:30:00+00:00,bu_679432b0,emp_1b4893ec,0.0
invoice,inv_26b16662c02e,INV-30-0136,cli_9560b405511e,Janata Educational Society LLP,29HGGFJ5164C1ZV,"[{'rate': 51.5, 'amount': 23828.53, 'item_id': 'itm_22e1b24ec5c5', 'discount': 736.97, 'gst_rate': 18, 'hsn_code': '4819', 'quantity': 477, 'gst_amount': 4289.14, 'description': 'Corrugated Shipping Carton 18x12x12'}]",23828.53,4289.14,0.0,0.0,4289.14,False,28117.67,28117.67,paid,0.0,2026-03-13,2026-04-27,INR,2026-03-13T05:30:00+00:00,bu_4527dc88,emp_2b8f0f79,736.97
invoice,inv_658a49f8b4af,INV-30-0135,cli_69811b21ffcd,Sunrise Agro Foods Pvt Ltd,24GDPCS7101L1ZS,"[{'rate': 3877, 'amount': 11631, 'item_id': 'itm_0504d82b8f09', 'discount': 0, 'gst_rate': 18, 'hsn_code': '8544', 'quantity': 3, 'gst_amount': 2093.58, 'description': 'Copper Wire 2.5 sq mm (90 m coil)'}, {'rate': 27100, 'amount': 27100, 'item_id': None, 'discount': 0, 'gst_rate': 18, 'hsn_code': '9983', 'quantity': 1, 'gst_amount': 4878, 'description': 'Technical support services'}]",38731.0,6971.58,0.0,0.0,6971.58,False,45702.58,45702.58,paid,0.0,2026-03-12,2026-03-27,INR,2026-03-12T05:30:00+00:00,bu_4527dc88,emp_49cb1aa0,0.0
invoice,inv_bcc9afe91edf,INV-30-0134,cli_eed20611fa50,Mehta Spice Traders,36ECCPM1752Q1Z4,"[{'rate': 3655, 'amount': 10965, 'item_id': 'itm_a1ef309705f7', 'discount': 0, 'gst_rate': 18, 'hsn_code': '6802', 'quantity': 3, 'gst_amount': 1973.7, 'description': 'Polished Granite Slab'}, {'rate': 56300, 'amount': 56300, 'item_id': None, 'discount': 0, 'gst_rate': 18, 'hsn_code': '9987', 'quantity': 1, 'gst_amount': 10134, 'description': 'Annual maintenance contract'}]",67265.0,12107.7,6053.85,6053.85,0.0,True,79372.7,79372.7,paid,0.0,2026-03-10,2026-04-09,INR,2026-03-10T05:30:00+00:00,bu_4527dc88,emp_fe83e970,0.0
invoice,inv_e15246717d95,INV-30-0133,cli_b260cfe71a21,Sambhav Pharma Distributors Ltd,08LNCCS5810A1ZS,"[{'rate': 287, 'amount': 56826, 'item_id': 'itm_147fdb6362e6', 'discount': 0, 'gst_rate': 5, 'hsn_code': '6109', 'quantity': 198, 'gst_amount': 2841.3, 'description': 'Cotton T-Shirt'}, {'rate': 297000, 'amount': 297000, 'item_id': None, 'discount': 0, 'gst_rate': 18, 'hsn_code': '9987', 'quantity': 1, 'gst_amount': 53460, 'description': 'Installation and commissioning'}]",353826.0,56301.3,0.0,0.0,56301.3,False,410127.3,410127.3,paid,0.0,2026-03-09,2026-04-23,INR,2026-03-09T05:30:00+00:00,bu_aec2e2f9,emp_fda25f21,0.0
invoice,inv_a5f0c747624a,INV-30-0132,cli_75113f1f721f,Swastik Furnishings Pvt Ltd,03MDECS4025R1ZO,"[{'rate': 9376, 'amount': 9376, 'item_id': 'itm_64aca0f0e78b', 'discount': 0, 'gst_rate': 18, 'hsn_code': '9401', 'quantity': 1, 'gst_amount': 1687.68, 'description': 'Ergonomic Office Chair'}, {'rate': 3655, 'amount': 10965, 'item_id': 'itm_a1ef309705f7', 'discount': 0, 'gst_rate': 18, 'hsn_code': '6802', 'quantity': 3, 'gst_amount': 1973.7, 'description': 'Polished Granite Slab'}, {'rate': 101.1, 'amount': 7178.1, 'item_id': 'itm_a9b9ad5348a6', 'discount': 0, 'gst_rate': 5, 'hsn_code': '6305', 'quantity': 71, 'gst_amount': 358.91, 'description': 'Jute Shopping Bag'}, {'rate': 27100, 'amount': 27100, 'item_id': None, 'discount': 0, 'gst_rate': 18, 'hsn_code': '9983', 'quantity': 1, 'gst_amount': 4878, 'description': 'Site survey and system design'}]",54619.1,8898.29,0.0,0.0,8898.29,False,63517.39,63517.39,paid,0.0,2026-03-08,2026-04-07,INR,2026-03-08T05:30:00+00:00,bu_aec2e2f9,emp_9a7f9946,0.0
invoice,inv_d200b478cfe6,INV-30-0131,cli_55e95e69d592,Bhagya Logistics Ltd,37HFBCB0018N1ZD,"[{'rate': 4623, 'amount': 32361, 'item_id': 'itm_76a0712f9662', 'discount': 0, 'gst_rate': 18, 'hsn_code': '8443', 'quantity': 7, 'gst_amount': 5824.98, 'description': 'Printer Toner Cartridge'}, {'rate': 6346, 'amount': 25384, 'item_id': 'itm_b76a11de0764', 'discount': 0, 'gst_rate': 18, 'hsn_code': '3209', 'quantity': 4, 'gst_amount': 4569.12, 'description': 'Emulsion Paint 20L'}, {'rate': 1910, 'amount': 19100, 'item_id': 'itm_651095a5ff54', 'discount': 0, 'gst_rate': 18, 'hsn_code': '4802', 'quantity': 10, 'gst_amount': 3438, 'description': 'A4 Copier Paper 75 GSM (5 reams)'}, {'rate': 87300, 'amount': 87300, 'item_id': None, 'discount': 0, 'gst_rate': 18, 'hsn_code': '9983', 'quantity': 1, 'gst_amount': 15714, 'description': 'Technical support services'}]",164145.0,29546.1,0.0,0.0,29546.1,False,193691.1,193691.1,paid,0.0,2026-03-07,2026-04-21,INR,2026-03-07T05:30:00+00:00,bu_96eb82ff,emp_9a7f9946,0.0
invoice,inv_f60a2e8e44f9,INV-30-0129,cli_eed20611fa50,Mehta Spice Traders,36ECCPM1752Q1Z4,"[{'rate': 257, 'amount': 23387, 'item_id': 'itm_f319cb87961e', 'discount': 0, 'gst_rate': 5, 'hsn_code': '5208', 'quantity': 91, 'gst_amount': 1169.35, 'description': 'Cotton Shirting Fabric'}, {'rate': 545, 'amount': 10900, 'item_id': 'itm_2c96f97e4068', 'discount': 0, 'gst_rate': 18, 'hsn_code': '8536', 'quantity': 20, 'gst_amount': 1962, 'description': 'MCB 32A Double Pole'}, {'rate': 79800, 'amount': 79800, 'item_id': None, 'discount': 0, 'gst_rate': 18, 'hsn_code': '9987', 'quantity': 1, 'gst_amount': 14364, 'description': 'Installation and commissioning'}]",114087.0,17495.35,8747.68,8747.67,0.0,True,131582.35,131582.35,paid,0.0,2026-03-05,2026-04-04,INR,2026-03-05T05:30:00+00:00,bu_4527dc88,emp_fe83e970,0.0
invoice,inv_6b8af5056d0c,INV-30-0130,cli_8ccf460d8557,Vasantha Hardware Mart & Co,27PDFFV6447J1Z3,"[{'rate': 269, 'amount': 28783, 'item_id': 'itm_40102b7b2ad7', 'discount': 0, 'gst_rate': 5, 'hsn_code': '0910', 'quantity': 107, 'gst_amount': 1439.15, 'description': 'Turmeric Powder'}, {'rate': 134300, 'amount': 134300, 'item_id': None, 'discount': 0, 'gst_rate': 18, 'hsn_code': '9987', 'quantity': 1, 'gst_amount': 24174, 'description': 'Annual maintenance contract'}]",163083.0,25613.15,0.0,0.0,25613.15,False,188696.15,188696.15,paid,0.0,2026-03-05,2026-04-04,INR,2026-03-05T05:30:00+00:00,bu_96eb82ff,emp_3068e794,0.0
invoice,inv_b7d6cf511bc5,INV-30-0128,cli_eee2cf7d7133,Navaratna Electricals & Co,36JEAFN0901L1Z2,"[{'rate': 1425, 'amount': 19950, 'item_id': 'itm_0cf3f40c0c30', 'discount': 0, 'gst_rate': 5, 'hsn_code': '6403', 'quantity': 14, 'gst_amount': 997.5, 'description': 'Safety Shoes (Pair)'}, {'rate': 102500, 'amount': 102500, 'item_id': None, 'discount': 0, 'gst_rate': 18, 'hsn_code': '9983', 'quantity': 1, 'gst_amount': 18450, 'description': 'Site survey and system design'}]",122450.0,19447.5,9723.75,9723.75,0.0,True,141897.5,141897.5,paid,0.0,2026-03-03,2026-04-17,INR,2026-03-03T05:30:00+00:00,bu_679432b0,emp_971816de,0.0
invoice,inv_fd94857ef37d,INV-30-0127,cli_eee2cf7d7133,Navaratna Electricals & Co,36JEAFN0901L1Z2,"[{'rate': 206, 'amount': 35530.88, 'item_id': 'itm_c8a85059b0ed', 'discount': 725.12, 'gst_rate': 5, 'hsn_code': '1512', 'quantity': 176, 'gst_amount': 1776.54, 'description': 'Refined Sunflower Oil'}, {'rate': 73542, 'amount': 72071.16, 'item_id': 'itm_2d6c1c069a2b', 'discount': 1470.84, 'gst_rate': 18, 'hsn_code': '8471', 'quantity': 1, 'gst_amount': 12972.81, 'description': 'Laptop 14 inch Core i5'}]",107602.04,14749.35,7374.68,7374.67,0.0,True,122351.39,122351.39,paid,0.0,2026-03-02,2026-04-16,INR,2026-03-02T05:30:00+00:00,bu_679432b0,emp_971816de,2195.96
invoice,inv_e97d3fe2b25a,INV-30-0126,cli_55e95e69d592,Bhagya Logistics Ltd,37HFBCB0018N1ZD,"[{'rate': 146.2, 'amount': 15643.4, 'item_id': 'itm_54b7677d9eb3', 'discount': 0, 'gst_rate': 5, 'hsn_code': '1006', 'quantity': 107, 'gst_amount': 782.17, 'description': 'Basmati Rice (Branded, Packed)'}, {'rate': 99400, 'amount': 99400, 'item_id': None, 'discount': 0, 'gst_rate': 18, 'hsn_code': '9987', 'quantity': 1, 'gst_amount': 17892, 'description': 'Annual maintenance contract'}]",115043.4,18674.17,0.0,0.0,18674.17,False,133717.57,133717.57,paid,0.0,2026-03-01,2026-04-15,INR,2026-03-01T05:30:00+00:00,bu_96eb82ff,emp_9a7f9946,0.0
invoice,inv_63994648a60c,INV-30-0125,cli_b260cfe71a21,Sambhav Pharma Distributors Ltd,08LNCCS5810A1ZS,"[{'rate': 1337, 'amount': 105623, 'item_id': 'itm_65368cd0fa76', 'discount': 0, 'gst_rate': 18, 'hsn_code': '8311', 'quantity': 79, 'gst_amount': 19012.14, 'description': 'Welding Electrode 3.15mm (Box)'}, {'rate': 1391400, 'amount': 1391400, 'item_id': None, 'discount': 0, 'gst_rate': 18, 'hsn_code': '9987', 'quantity': 1, 'gst_amount': 250452, 'description': 'Installation and commissioning'}]",1497023.0,269464.14,0.0,0.0,269464.14,False,1766487.14,1766487.14,paid,0.0,2026-02-28,2026-04-14,INR,2026-02-28T05:30:00+00:00,bu_aec2e2f9,emp_fda25f21,0.0
invoice,inv_e3c0541a1cad,INV-30-0124,cli_610e871d6b85,Gomathi Chemicals Ltd,36BCDCG9251F1ZG,"[{'rate': 3877, 'amount': 81029.3, 'item_id': 'itm_0504d82b8f09', 'discount': 4264.7, 'gst_rate': 18, 'hsn_code': '8544', 'quantity': 22, 'gst_amount': 14585.27, 'description': 'Copper Wire 2.5 sq mm (90 m coil)'}, {'rate': 9376, 'amount': 80164.8, 'item_id': 'itm_64aca0f0e78b', 'discount': 4219.2, 'gst_rate': 18, 'hsn_code': '9401', 'quantity': 9, 'gst_amount': 14429.66, 'description': 'Ergonomic Office Chair'}, {'rate': 141500, 'amount': 141500, 'item_id': None, 'discount': 0, 'gst_rate': 18, 'hsn_code': '9983', 'quantity': 1, 'gst_amount': 25470, 'description': 'Site survey and system design'}]",302694.1,54484.93,27242.47,27242.46,0.0,True,357179.03,357179.03,paid,0.0,2026-02-27,2026-04-13,INR,2026-02-27T05:30:00+00:00,bu_4527dc88,emp_d9139785,8483.9
invoice,inv_77e5bb760ffb,INV-30-0123,cli_17beefa6b3c7,BANERJEE INFOSOLUTIONS PVT LTD,23QEHCB4180F1ZB,"[{'rate': 22439, 'amount': 22439, 'item_id': 'itm_5a10d4ba17d2', 'discount': 0, 'gst_rate': 5, 'hsn_code': '8541', 'quantity': 1, 'gst_amount': 1121.95, 'description': 'Solar Panel 540W'}, {'rate': 89.3, 'amount': 24914.7, 'item_id': 'itm_e1438ef8ef3a', 'discount': 0, 'gst_rate': 18, 'hsn_code': '7214', 'quantity': 279, 'gst_amount': 4484.65, 'description': 'Mild Steel TMT Bar 12mm'}]",47353.7,5606.6,0.0,0.0,5606.6,False,52960.3,52960.3,paid,0.0,2026-02-25,2026-03-27,INR,2026-02-25T05:30:00+00:00,bu_96eb82ff,emp_54b32704,0.0
invoice,inv_5e86afc28f3b,INV-30-0122,cli_75113f1f721f,Swastik Furnishings Pvt Ltd,03MDECS4025R1ZO,"[{'rate': 206, 'amount': 11124, 'item_id': 'itm_c8a85059b0ed', 'discount': 0, 'gst_rate': 5, 'hsn_code': '1512', 'quantity': 54, 'gst_amount': 556.2, 'description': 'Refined Sunflower Oil'}, {'rate': 73542, 'amount': 73542, 'item_id': 'itm_2d6c1c069a2b', 'discount': 0, 'gst_rate': 18, 'hsn_code': '8471', 'quantity': 1, 'gst_amount': 13237.56, 'description': 'Laptop 14 inch Core i5'}, {'rate': 545, 'amount': 10900, 'item_id': 'itm_b77647bb32db', 'discount': 0, 'gst_rate': 5, 'hsn_code': '4015', 'quantity': 20, 'gst_amount': 545, 'description': 'Nitrile Gloves (Box of 100)'}, {'rate': 35900, 'amount': 35900, 'item_id': None, 'discount': 0, 'gst_rate': 18, 'hsn_code': '9987', 'quantity': 1, 'gst_amount': 6462, 'description': 'Annual maintenance contract'}]",131466.0,20800.76,0.0,0.0,20800.76,False,152266.76,152266.76,paid,0.0,2026-02-23,2026-03-25,INR,2026-02-23T05:30:00+00:00,bu_aec2e2f9,emp_9a7f9946,0.0
invoice,inv_1f1fef2c960f,INV-30-0121,cli_b260cfe71a21,Sambhav Pharma Distributors Ltd,08LNCCS5810A1ZS,"[{'rate': 51.5, 'amount': 44179.27, 'item_id': 'itm_22e1b24ec5c5', 'discount': 2325.23, 'gst_rate': 18, 'hsn_code': '4819', 'quantity': 903, 'gst_amount': 7952.27, 'description': 'Corrugated Shipping Carton 18x12x12'}, {'rate': 1106400, 'amount': 1106400, 'item_id': None, 'discount': 0, 'gst_rate': 18, 'hsn_code': '9987', 'quantity': 1, 'gst_amount': 199152, 'description': 'Installation and commissioning'}]",1150579.27,207104.27,0.0,0.0,207104.27,False,1357683.54,1357683.54,paid,0.0,2026-02-23,2026-04-09,INR,2026-02-23T05:30:00+00:00,bu_aec2e2f9,emp_fda25f21,2325.23
invoice,inv_de4055d2c026,INV-30-0119,cli_55e95e69d592,Bhagya Logistics Ltd,37HFBCB0018N1ZD,"[{'rate': 562, 'amount': 32877, 'item_id': 'itm_c764476f2be1', 'discount': 3653, 'gst_rate': 18, 'hsn_code': '2523', 'quantity': 65, 'gst_amount': 5917.86, 'description': 'Portland Cement 50kg Bag'}, {'rate': 1425, 'amount': 28215, 'item_id': 'itm_0cf3f40c0c30', 'discount': 3135, 'gst_rate': 5, 'hsn_code': '6403', 'quantity': 22, 'gst_amount': 1410.75, 'description': 'Safety Shoes (Pair)'}, {'rate': 72700, 'amount': 72700, 'item_id': None, 'discount': 0, 'gst_rate': 18, 'hsn_code': '9983', 'quantity': 1, 'gst_amount': 13086, 'description': 'Technical support services'}]",133792.0,20414.61,0.0,0.0,20414.61,False,154206.61,154206.61,paid,0.0,2026-02-21,2026-04-07,INR,2026-02-21T05:30:00+00:00,bu_96eb82ff,emp_9a7f9946,6788.0
invoice,inv_559d420c46ec,INV-30-0120,cli_259e815910c3,Banerjee Infosolutions Pvt Ltd,23QEHCB4180F1ZB,"[{'rate': 287, 'amount': 10088.05, 'item_id': 'itm_147fdb6362e6', 'discount': 530.95, 'gst_rate': 5, 'hsn_code': '6109', 'quantity': 37, 'gst_amount': 504.4, 'description': 'Cotton T-Shirt'}, {'rate': 98200, 'amount': 98200, 'item_id': None, 'discount': 0, 'gst_rate': 18, 'hsn_code': '9983', 'quantity': 1, 'gst_amount': 17676, 'description': 'Site survey and system design'}]",108288.05,18180.4,0.0,0.0,18180.4,False,126468.45,126468.45,paid,0.0,2026-02-21,2026-03-23,INR,2026-02-21T05:30:00+00:00,bu_aec2e2f9,emp_1b4893ec,530.95
invoice,inv_777a3d9ebc1b,INV-30-0118,cli_b260cfe71a21,Sambhav Pharma Distributors Ltd,08LNCCS5810A1ZS,"[{'rate': 89.3, 'amount': 43578.4, 'item_id': 'itm_e1438ef8ef3a', 'discount': 0, 'gst_rate': 18, 'hsn_code': '7214', 'quantity': 488, 'gst_amount': 7844.11, 'description': 'Mild Steel TMT Bar 12mm'}, {'rate': 666200, 'amount': 666200, 'item_id': None, 'discount': 0, 'gst_rate': 18, 'hsn_code': '9987', 'quantity': 1, 'gst_amount': 119916, 'description': 'Annual maintenance contract'}]",709778.4,127760.11,0.0,0.0,127760.11,False,837538.51,837538.51,paid,0.0,2026-02-19,2026-04-05,INR,2026-02-19T05:30:00+00:00,bu_aec2e2f9,emp_fda25f21,0.0
invoice,inv_1d7a634449e4,INV-30-0117,cli_17beefa6b3c7,BANERJEE INFOSOLUTIONS PVT LTD,23QEHCB4180F1ZB,"[{'rate': 269, 'amount': 22865, 'item_id': 'itm_40102b7b2ad7', 'discount': 0, 'gst_rate': 5, 'hsn_code': '0910', 'quantity': 85, 'gst_amount': 1143.25, 'description': 'Turmeric Powder'}, {'rate': 51500, 'amount': 51500, 'item_id': None, 'discount': 0, 'gst_rate': 18, 'hsn_code': '9987', 'quantity': 1, 'gst_amount': 9270, 'description': 'Installation and commissioning'}]",74365.0,10413.25,0.0,0.0,10413.25,False,84778.25,84778.25,paid,0.0,2026-02-18,2026-03-20,INR,2026-02-18T05:30:00+00:00,bu_96eb82ff,emp_54b32704,0.0
invoice,inv_912eeb8a91a4,INV-30-0116,cli_2f3cf15b44d9,Dhanlaxmi Realty & Co,36KGFFD3331H1Z5,"[{'rate': 22439, 'amount': 22439, 'item_id': 'itm_5a10d4ba17d2', 'discount': 0, 'gst_rate': 5, 'hsn_code': '8541', 'quantity': 1, 'gst_amount': 1121.95, 'description': 'Solar Panel 540W'}, {'rate': 21800, 'amount': 21800, 'item_id': None, 'discount': 0, 'gst_rate': 18, 'hsn_code': '9983', 'quantity': 1, 'gst_amount': 3924, 'description': 'Site survey and system design'}]",44239.0,5045.95,2522.98,2522.97,0.0,True,49284.95,49284.95,paid,0.0,2026-02-16,2026-03-03,INR,2026-02-16T05:30:00+00:00,bu_96eb82ff,emp_fe83e970,0.0
invoice,inv_7081a9d43eeb,INV-30-0115,cli_9503096a978f,Shiva Printers,36NCGPS9474F1ZP,"[{'rate': 101.1, 'amount': 31543.2, 'item_id': 'itm_a9b9ad5348a6', 'discount': 0, 'gst_rate': 5, 'hsn_code': '6305', 'quantity': 312, 'gst_amount': 1577.16, 'description': 'Jute Shopping Bag'}, {'rate': 269, 'amount': 31473, 'item_id': 'itm_40102b7b2ad7', 'discount': 0, 'gst_rate': 5, 'hsn_code': '0910', 'quantity': 117, 'gst_amount': 1573.65, 'description': 'Turmeric Powder'}, {'rate': 95900, 'amount': 95900, 'item_id': None, 'discount': 0, 'gst_rate': 18, 'hsn_code': '9983', 'quantity': 1, 'gst_amount': 17262, 'description': 'Technical support services'}]",158916.2,20412.81,10206.41,10206.4,0.0,True,179329.01,179329.01,paid,0.0,2026-02-15,2026-04-01,INR,2026-02-15T05:30:00+00:00,bu_aec2e2f9,emp_a247f565,0.0
invoice,inv_447e9c5cdd8f,INV-30-0113,cli_259e815910c3,Banerjee Infosolutions Pvt Ltd,23QEHCB4180F1ZB,"[{'rate': 89.3, 'amount': 18306.5, 'item_id': 'itm_e1438ef8ef3a', 'discount': 0, 'gst_rate': 18, 'hsn_code': '7214', 'quantity': 205, 'gst_amount': 3295.17, 'description': 'Mild Steel TMT Bar 12mm'}, {'rate': 220400, 'amount': 220400, 'item_id': None, 'discount': 0, 'gst_rate': 18, 'hsn_code': '9987', 'quantity': 1, 'gst_amount': 39672, 'description': 'Installation and commissioning'}]",238706.5,42967.17,0.0,0.0,42967.17,False,281673.67,281673.67,paid,0.0,2026-02-14,2026-03-16,INR,2026-02-14T05:30:00+00:00,bu_aec2e2f9,emp_1b4893ec,0.0
invoice,inv_0dbc2559d2f6,INV-30-0114,cli_8ccf460d8557,Vasantha Hardware Mart & Co,27PDFFV6447J1Z3,"[{'rate': 147.1, 'amount': 10149.9, 'item_id': 'itm_ae58c717b5d1', 'discount': 0, 'gst_rate': 18, 'hsn_code': '3808', 'quantity': 69, 'gst_amount': 1826.98, 'description': 'Hand Sanitiser'}, {'rate': 229, 'amount': 34350, 'item_id': 'itm_22a1051084c3', 'discount': 0, 'gst_rate': 18, 'hsn_code': '8482', 'quantity': 150, 'gst_amount': 6183, 'description': 'Ball Bearing 6205'}, {'rate': 51.5, 'amount': 30436.5, 'item_id': 'itm_22e1b24ec5c5', 'discount': 0, 'gst_rate': 18, 'hsn_code': '4819', 'quantity': 591, 'gst_amount': 5478.57, 'description': 'Corrugated Shipping Carton 18x12x12'}, {'rate': 435500, 'amount': 435500, 'item_id': None, 'discount': 0, 'gst_rate': 18, 'hsn_code': '9987', 'quantity': 1, 'gst_amount': 78390, 'description': 'Annual maintenance contract'}]",510436.4,91878.55,0.0,0.0,91878.55,False,602314.95,602314.95,paid,0.0,2026-02-14,2026-03-16,INR,2026-02-14T05:30:00+00:00,bu_96eb82ff,emp_3068e794,0.0
invoice,inv_b2ecc2c17ebe,INV-30-0112,cli_56323ed8ae0d,Gomathi Chemicals Ltd (West Bengal),19BCDCG9251F1ZC,"[{'rate': 735, 'amount': 33075, 'item_id': 'itm_6c1940fd1ee9', 'discount': 0, 'gst_rate': 18, 'hsn_code': '9405', 'quantity': 45, 'gst_amount': 5953.5, 'description': 'LED Panel Light 18W'}, {'rate': 303, 'amount': 33027, 'item_id': 'itm_a18dc2e2495a', 'discount': 0, 'gst_rate': 18, 'hsn_code': '9608', 'quantity': 109, 'gst_amount': 5944.86, 'description': 'Ballpoint Pens (Box of 50)'}, {'rate': 1847, 'amount': 29552, 'item_id': 'itm_30b81ebe90bb', 'discount': 0, 'gst_rate': 18, 'hsn_code': '4407', 'quantity': 16, 'gst_amount': 5319.36, 'description': 'Teak Wood Plank'}]",95654.0,17217.72,0.0,0.0,17217.72,False,112871.72,112871.72,paid,0.0,2026-02-12,2026-03-14,INR,2026-02-12T05:30:00+00:00,bu_679432b0,emp_3068e794,0.0
invoice,inv_8dbd0b5390bd,INV-30-0111,cli_b260cfe71a21,Sambhav Pharma Distributors Ltd,08LNCCS5810A1ZS,"[{'rate': 89.3, 'amount': 100307.12, 'item_id': 'itm_e1438ef8ef3a', 'discount': 3102.28, 'gst_rate': 18, 'hsn_code': '7214', 'quantity': 1158, 'gst_amount': 18055.28, 'description': 'Mild Steel TMT Bar 12mm'}, {'rate': 630100, 'amount': 630100, 'item_id': None, 'discount': 0, 'gst_rate': 18, 'hsn_code': '9983', 'quantity': 1, 'gst_amount': 113418, 'description': 'Technical support services'}]",730407.12,131473.28,0.0,0.0,131473.28,False,861880.4,861880.4,paid,0.0,2026-02-10,2026-03-27,INR,2026-02-10T05:30:00+00:00,bu_aec2e2f9,emp_fda25f21,3102.28
invoice,inv_ad4e1e4c698c,INV-30-0110,cli_88e988f9c7af,Ganga Packaging Ltd,19BHJCG0275L1ZT,"[{'rate': 206, 'amount': 8882.72, 'item_id': 'itm_c8a85059b0ed', 'discount': 181.28, 'gst_rate': 5, 'hsn_code': '1512', 'quantity': 44, 'gst_amount': 444.14, 'description': 'Refined Sunflower Oil'}, {'rate': 73542, 'amount': 72071.16, 'item_id': 'itm_2d6c1c069a2b', 'discount': 1470.84, 'gst_rate': 18, 'hsn_code': '8471', 'quantity': 1, 'gst_amount': 12972.81, 'description': 'Laptop 14 inch Core i5'}, {'rate': 545, 'amount': 13886.6, 'item_id': 'itm_b77647bb32db', 'discount': 283.4, 'gst_rate': 5, 'hsn_code': '4015', 'quantity': 26, 'gst_amount': 694.33, 'description': 'Nitrile Gloves (Box of 100)'}]",94840.48,14111.28,0.0,0.0,14111.28,False,108951.76,108951.76,paid,0.0,2026-02-09,2026-03-11,INR,2026-02-09T05:30:00+00:00,bu_679432b0,emp_fda25f21,1935.52
invoice,inv_c459632a0731,INV-30-0109,cli_b260cfe71a21,Sambhav Pharma Distributors Ltd,08LNCCS5810A1ZS,"[{'rate': 89.3, 'amount': 89925.1, 'item_id': 'itm_e1438ef8ef3a', 'discount': 0, 'gst_rate': 18, 'hsn_code': '7214', 'quantity': 1007, 'gst_amount': 16186.52, 'description': 'Mild Steel TMT Bar 12mm'}, {'rate': 19116, 'amount': 76464, 'item_id': 'itm_27b7335c5f54', 'discount': 0, 'gst_rate': 18, 'hsn_code': '8528', 'quantity': 4, 'gst_amount': 13763.52, 'description': '27 inch LED Monitor'}, {'rate': 319900, 'amount': 319900, 'item_id': None, 'discount': 0, 'gst_rate': 18, 'hsn_code': '9987', 'quantity': 1, 'gst_amount': 57582, 'description': 'Installation and commissioning'}]",486289.1,87532.04,0.0,0.0,87532.04,False,573821.14,573821.14,paid,0.0,2026-02-08,2026-03-25,INR,2026-02-08T05:30:00+00:00,bu_aec2e2f9,emp_fda25f21,0.0
invoice,inv_b12a0619fe12,INV-30-0108,cli_b260cfe71a21,Sambhav Pharma Distributors Ltd,08LNCCS5810A1ZS,"[{'rate': 545, 'amount': 52865, 'item_id': 'itm_2c96f97e4068', 'discount': 0, 'gst_rate': 18, 'hsn_code': '8536', 'quantity': 97, 'gst_amount': 9515.7, 'description': 'MCB 32A Double Pole'}, {'rate': 4623, 'amount': 97083, 'item_id': 'itm_76a0712f9662', 'discount': 0, 'gst_rate': 18, 'hsn_code': '8443', 'quantity': 21, 'gst_amount': 17474.94, 'description': 'Printer Toner Cartridge'}, {'rate': 195100, 'amount': 195100, 'item_id': None, 'discount': 0, 'gst_rate': 18, 'hsn_code': '9983', 'quantity': 1, 'gst_amount': 35118, 'description': 'Site survey and system design'}]",345048.0,62108.64,0.0,0.0,62108.64,False,407156.64,407156.64,paid,0.0,2026-02-07,2026-03-24,INR,2026-02-07T05:30:00+00:00,bu_aec2e2f9,emp_fda25f21,0.0
invoice,inv_bae627bea843,INV-30-0107,cli_dfa2dffbe00f,Kohinoor Hotels,08RFKPK4219M1ZM,"[{'rate': 1483, 'amount': 5754.04, 'item_id': 'itm_e458ff1cfc20', 'discount': 177.96, 'gst_rate': 18, 'hsn_code': '8471', 'quantity': 4, 'gst_amount': 1035.73, 'description': 'Wireless Keyboard and Mouse Combo'}, {'rate': 30000, 'amount': 30000, 'item_id': None, 'discount': 0, 'gst_rate': 18, 'hsn_code': '9983', 'quantity': 1, 'gst_amount': 5400, 'description': 'Technical support services'}]",35754.04,6435.73,0.0,0.0,6435.73,False,42189.77,42189.77,paid,0.0,2026-02-06,2026-03-08,INR,2026-02-06T05:30:00+00:00,bu_4527dc88,emp_54b32704,177.96
invoice,inv_33482ff72cb6,INV-30-0105,cli_eed20611fa50,Mehta Spice Traders,36ECCPM1752Q1Z4,"[{'rate': 1425, 'amount': 25650, 'item_id': 'itm_0cf3f40c0c30', 'discount': 0, 'gst_rate': 5, 'hsn_code': '6403', 'quantity': 18, 'gst_amount': 1282.5, 'description': 'Safety Shoes (Pair)'}, {'rate': 146.2, 'amount': 16666.8, 'item_id': 'itm_54b7677d9eb3', 'discount': 0, 'gst_rate': 5, 'hsn_code': '1006', 'quantity': 114, 'gst_amount': 833.34, 'description': 'Basmati Rice (Branded, Packed)'}, {'rate': 74800, 'amount': 74800, 'item_id': None, 'discount': 0, 'gst_rate': 18, 'hsn_code': '9987', 'quantity': 1, 'gst_amount': 13464, 'description': 'Installation and commissioning'}]",117116.8,15579.84,7789.92,7789.92,0.0,True,132696.64,132696.64,paid,0.0,2026-02-04,2026-03-06,INR,2026-02-04T05:30:00+00:00,bu_4527dc88,emp_fe83e970,0.0
invoice,inv_2a631e36ca5f,INV-30-0106,cli_610e871d6b85,Gomathi Chemicals Ltd,36BCDCG9251F1ZG,"[{'rate': 101.1, 'amount': 61266.6, 'item_id': 'itm_a9b9ad5348a6', 'discount': 0, 'gst_rate': 5, 'hsn_code': '6305', 'quantity': 606, 'gst_amount': 3063.33, 'description': 'Jute Shopping Bag'}, {'rate': 966000, 'amount': 966000, 'item_id': None, 'discount': 0, 'gst_rate': 18, 'hsn_code': '9987', 'quantity': 1, 'gst_amount': 173880, 'description': 'Annual maintenance contract'}]",1027266.6,176943.33,88471.67,88471.66,0.0,True,1204209.93,1204209.93,paid,0.0,2026-02-04,2026-03-21,INR,2026-02-04T05:30:00+00:00,bu_4527dc88,emp_d9139785,0.0
invoice,inv_81050a964509,INV-30-0104,cli_22e33b634a54,Maruthi Hospitals Pvt Ltd,32GECCM4463F1ZE,"[{'rate': 229, 'amount': 60685, 'item_id': 'itm_22a1051084c3', 'discount': 0, 'gst_rate': 18, 'hsn_code': '8482', 'quantity': 265, 'gst_amount': 10923.3, 'description': 'Ball Bearing 6205'}, {'rate': 312000, 'amount': 312000, 'item_id': None, 'discount': 0, 'gst_rate': 18, 'hsn_code': '9983', 'quantity': 1, 'gst_amount': 56160, 'description': 'Site survey and system design'}]",372685.0,67083.3,0.0,0.0,67083.3,False,439768.3,439768.3,paid,0.0,2026-02-02,2026-04-03,INR,2026-02-02T05:30:00+00:00,bu_679432b0,emp_49cb1aa0,0.0
invoice,inv_a8f467535c02,INV-30-0103,cli_44ca162dbdad,Manjunath Chemicals Pvt Ltd,,"[{'rate': 22439, 'amount': 22439, 'item_id': 'itm_5a10d4ba17d2', 'discount': 0, 'gst_rate': 5, 'hsn_code': '8541', 'quantity': 1, 'gst_amount': 1121.95, 'description': 'Solar Panel 540W'}, {'rate': 89.3, 'amount': 14645.2, 'item_id': 'itm_e1438ef8ef3a', 'discount': 0, 'gst_rate': 18, 'hsn_code': '7214', 'quantity': 164, 'gst_amount': 2636.14, 'description': 'Mild Steel TMT Bar 12mm'}, {'rate': 19116, 'amount': 19116, 'item_id': 'itm_27b7335c5f54', 'discount': 0, 'gst_rate': 18, 'hsn_code': '8528', 'quantity': 1, 'gst_amount': 3440.88, 'description': '27 inch LED Monitor'}]",56200.2,7198.97,3599.49,3599.48,0.0,True,63399.17,63399.17,paid,0.0,2026-02-01,2026-02-16,INR,2026-02-01T05:30:00+00:00,bu_4527dc88,emp_fda25f21,0.0
invoice,inv_3bb118cd544b,INV-30-0102,cli_17beefa6b3c7,BANERJEE INFOSOLUTIONS PVT LTD,23QEHCB4180F1ZB,"[{'rate': 735, 'amount': 25155.37, 'item_id': 'itm_6c1940fd1ee9', 'discount': 2039.63, 'gst_rate': 18, 'hsn_code': '9405', 'quantity': 37, 'gst_amount': 4527.97, 'description': 'LED Panel Light 18W'}, {'rate': 303, 'amount': 8688.52, 'item_id': 'itm_a18dc2e2495a', 'discount': 704.48, 'gst_rate': 18, 'hsn_code': '9608', 'quantity': 31, 'gst_amount': 1563.93, 'description': 'Ballpoint Pens (Box of 50)'}, {'rate': 150400, 'amount': 150400, 'item_id': None, 'discount': 0, 'gst_rate': 18, 'hsn_code': '9987', 'quantity': 1, 'gst_amount': 27072, 'description': 'Annual maintenance contract'}]",184243.89,33163.9,0.0,0.0,33163.9,False,217407.79,217407.79,paid,0.0,2026-01-31,2026-03-02,INR,2026-01-31T05:30:00+00:00,bu_96eb82ff,emp_54b32704,2744.11
invoice,inv_9930e27e2b55,INV-30-0101,cli_8ccf460d8557,Vasantha Hardware Mart & Co,27PDFFV6447J1Z3,"[{'rate': 229, 'amount': 24045, 'item_id': 'itm_22a1051084c3', 'discount': 0, 'gst_rate': 18, 'hsn_code': '8482', 'quantity': 105, 'gst_amount': 4328.1, 'description': 'Ball Bearing 6205'}, {'rate': 51.5, 'amount': 28685.5, 'item_id': 'itm_22e1b24ec5c5', 'discount': 0, 'gst_rate': 18, 'hsn_code': '4819', 'quantity': 557, 'gst_amount': 5163.39, 'description': 'Corrugated Shipping Carton 18x12x12'}, {'rate': 735, 'amount': 31605, 'item_id': 'itm_6c1940fd1ee9', 'discount': 0, 'gst_rate': 18, 'hsn_code': '9405', 'quantity': 43, 'gst_amount': 5688.9, 'description': 'LED Panel Light 18W'}, {'rate': 94700, 'amount': 94700, 'item_id': None, 'discount': 0, 'gst_rate': 18, 'hsn_code': '9987', 'quantity': 1, 'gst_amount': 17046, 'description': 'Installation and commissioning'}]",179035.5,32226.39,0.0,0.0,32226.39,False,211261.89,211261.89,paid,0.0,2026-01-29,2026-02-28,INR,2026-01-29T05:30:00+00:00,bu_96eb82ff,emp_3068e794,0.0
